"Data Source","World Development Indicators",

"Last Updated Date","2020-04-09",

"Country Name","Country Code","Indicator Name","Indicator Code","1960","1961","1962","1963","1964","1965","1966","1967","1968","1969","1970","1971","1972","1973","1974","1975","1976","1977","1978","1979","1980","1981","1982","1983","1984","1985","1986","1987","1988","1989","1990","1991","1992","1993","1994","1995","1996","1997","1998","1999","2000","2001","2002","2003","2004","2005","2006","2007","2008","2009","2010","2011","2012","2013","2014","2015","2016","2017","2018","2019",
"Aruba","ABW","Poverty gap at $1.90 a day (2011 PPP) (%)","SI.POV.GAPS","","","","","","","","","","","","","","","","","","","","","","","","","","","","","","","","","","","","","","","","","","","","","","","","","","","","","","","","","","","","",
"Afghanistan","AFG","Poverty gap at $1.90 a day (2011 PPP) (%)","SI.POV.GAPS","","","","","","","","","","","","","","","","","","","","","","","","","","","","","","","","","","","","","","","","","","","","","","","","","","","","","","","","","","","","",
"Angola","AGO","Poverty gap at $1.90 a day (2011 PPP) (%)","SI.POV.GAPS","","","","","","","","","","","","","","","","","","","","","","","","","","","","","","","","","","","","","","","","","14.6","","","","","","","","9.6","","","","","","","","","","21.4","",
"Albania","ALB","Poverty gap at $1.90 a day (2011 PPP) (%)","SI.POV.GAPS","","","","","","","","","","","","","","","","","","","","","","","","","","","","","","","","","","","","","0.2","","","","","","0.4","","","0.2","","","0.1","","","","0.2","","0.3","0.2","0.2","0.3","","",
"Andorra","AND","Poverty gap at $1.90 a day (2011 PPP) (%)","SI.POV.GAPS","","","","","","","","","","","","","","","","","","","","","","","","","","","","","","","","","","","","","","","","","","","","","","","","","","","","","","","","","","","","",
"Arab World","ARB","Poverty gap at $1.90 a day (2011 PPP) (%)","SI.POV.GAPS","","","","","","","","","","","","","","","","","","","","","","","","","","","","","","","","","","","","","","","","","","","","","","","","","","","","","","","","","","","","",
"United Arab Emirates","ARE","Poverty gap at $1.90 a day (2011 PPP) (%)","SI.POV.GAPS","","","","","","","","","","","","","","","","","","","","","","","","","","","","","","","","","","","","","","","","","","","","","","","","","","","","","","","0","","","","","",
"Argentina","ARG","Poverty gap at $1.90 a day (2011 PPP) (%)","SI.POV.GAPS","","","","","","","","","","","","","","","","","","","","","0.2","","","","","","0","0","","","","0.7","1.2","1.2","1.5","2.4","2.9","2.4","2.3","2.5","2.9","4.9","5.6","2.6","1.7","1.3","1.3","1.1","1.1","1.1","0.9","0.3","0.3","0.3","0.3","","0.3","0.2","0.4","",
"Armenia","ARM","Poverty gap at $1.90 a day (2011 PPP) (%)","SI.POV.GAPS","","","","","","","","","","","","","","","","","","","","","","","","","","","","","","","","","","","","","","","","4.1","","4.4","3.2","2","1.8","0.9","0.6","0.5","0.3","0.3","0.3","0.3","0.3","0.5","0.4","0.4","0.3","0.2","0.4","",
"American Samoa","ASM","Poverty gap at $1.90 a day (2011 PPP) (%)","SI.POV.GAPS","","","","","","","","","","","","","","","","","","","","","","","","","","","","","","","","","","","","","","","","","","","","","","","","","","","","","","","","","","","","",
"Antigua and Barbuda","ATG","Poverty gap at $1.90 a day (2011 PPP) (%)","SI.POV.GAPS","","","","","","","","","","","","","","","","","","","","","","","","","","","","","","","","","","","","","","","","","","","","","","","","","","","","","","","","","","","","",
"Australia","AUS","Poverty gap at $1.90 a day (2011 PPP) (%)","SI.POV.GAPS","","","","","","","","","","","","","","","","","","","","","","0.5","","","","0.6","","","","0.4","","","","","","0.6","","","","","","0.6","","0.8","0.4","","","","0.3","","0.3","","","","0.4","","","","","",
"Austria","AUT","Poverty gap at $1.90 a day (2011 PPP) (%)","SI.POV.GAPS","","","","","","","","","","","","","","","","","","","","","","","","","","","","0","","","","","","","0.2","1","","0.2","","","0","","","0.3","0.1","0.1","0","0.3","0.2","0.5","0.4","0.3","0.4","0.2","0.1","0.6","0.6","0.2","","",
"Azerbaijan","AZE","Poverty gap at $1.90 a day (2011 PPP) (%)","SI.POV.GAPS","","","","","","","","","","","","","","","","","","","","","","","","","","","","","","","","","","","","2.2","","","","","","0.5","0","0","0","0","","","","","","","","","","","","","","",
"Burundi","BDI","Poverty gap at $1.90 a day (2011 PPP) (%)","SI.POV.GAPS","","","","","","","","","","","","","","","","","","","","","","","","","","","","","","","","","36.8","","","","","","44.8","","","","","","","","32.9","","","","","","","30.4","","","","","","",
"Belgium","BEL","Poverty gap at $1.90 a day (2011 PPP) (%)","SI.POV.GAPS","","","","","","","","","","","","","","","","","","","","","","","","","","0.2","","","0.5","","","","0.8","","","0.4","","0.3","","","0.3","","","0.2","0","0.1","0.1","0.1","0.1","0.1","0.1","0.1","0.1","0.1","0.1","0.1","0.1","0.1","","",
"Benin","BEN","Poverty gap at $1.90 a day (2011 PPP) (%)","SI.POV.GAPS","","","","","","","","","","","","","","","","","","","","","","","","","","","","","","","","","","","","","","","","","","","","16.2","","","","","","","","19","","","","22.4","","","","",
"Burkina Faso","BFA","Poverty gap at $1.90 a day (2011 PPP) (%)","SI.POV.GAPS","","","","","","","","","","","","","","","","","","","","","","","","","","","","","","","","","","","48.4","","","","43","","","","","23.7","","","","","","19.9","","","","","11.1","","","","","",
"Bangladesh","BGD","Poverty gap at $1.90 a day (2011 PPP) (%)","SI.POV.GAPS","","","","","","","","","","","","","","","","","","","","","","","","7.1","","4.8","","","9.1","","","11.3","","","","8.2","","","","","8","","","","","5.1","","","","","3.6","","","","","","2.7","","","",
"Bulgaria","BGR","Poverty gap at $1.90 a day (2011 PPP) (%)","SI.POV.GAPS","","","","","","","","","","","","","","","","","","","","","","","","","","","","","","","","","0","","","","","","","","","","","","","","2.6","0.6","0.4","0.3","0.6","0.9","0.8","0.7","0.5","1.4","0.7","0.4","","",
"Bahrain","BHR","Poverty gap at $1.90 a day (2011 PPP) (%)","SI.POV.GAPS","","","","","","","","","","","","","","","","","","","","","","","","","","","","","","","","","","","","","","","","","","","","","","","","","","","","","","","","","","","","",
"Bahamas, The","BHS","Poverty gap at $1.90 a day (2011 PPP) (%)","SI.POV.GAPS","","","","","","","","","","","","","","","","","","","","","","","","","","","","","","","","","","","","","","","","","","","","","","","","","","","","","","","","","","","","",
"Bosnia and Herzegovina","BIH","Poverty gap at $1.90 a day (2011 PPP) (%)","SI.POV.GAPS","","","","","","","","","","","","","","","","","","","","","","","","","","","","","","","","","","","","","","","","","","0.1","","","0.1","","","0","","","","0","","","","","","","","",
"Belarus","BLR","Poverty gap at $1.90 a day (2011 PPP) (%)","SI.POV.GAPS","","","","","","","","","","","","","","","","","","","","","","","","","","","","","","","","","","","","","","","2.7","2.6","1.7","0.7","0.5","0.3","0.1","0.1","0","0","0","0","0","0","0","0","0","0","0","0","0","",
"Belize","BLZ","Poverty gap at $1.90 a day (2011 PPP) (%)","SI.POV.GAPS","","","","","","","","","","","","","","","","","","","","","","","","","","","","","","","","","","5","4.5","","5.6","7.7","5.8","6.1","","","","","","","","","","","","","","","","","","","","",
"Bermuda","BMU","Poverty gap at $1.90 a day (2011 PPP) (%)","SI.POV.GAPS","","","","","","","","","","","","","","","","","","","","","","","","","","","","","","","","","","","","","","","","","","","","","","","","","","","","","","","","","","","","",
"Bolivia","BOL","Poverty gap at $1.90 a day (2011 PPP) (%)","SI.POV.GAPS","","","","","","","","","","","","","","","","","","","","","","","","","","","","","","","","","4.8","","","","","10","","15.3","17.6","12.3","13.4","","6","9.9","8","6","5","5","","3.1","4","3.1","2.6","2.8","3","2.5","1.7","",
"Brazil","BRA","Poverty gap at $1.90 a day (2011 PPP) (%)","SI.POV.GAPS","","","","","","","","","","","","","","","","","","","","","","8.6","8.7","11.3","10.6","9","4.1","7.2","8.6","7.7","8.7","","9.1","8.6","","5.3","6.1","6","5.2","5.4","","4.6","3.9","4.3","3.6","3.2","2.7","2.8","2.2","2.1","","1.9","1.4","1","0.9","1.1","1.4","1.6","1.7","",
"Barbados","BRB","Poverty gap at $1.90 a day (2011 PPP) (%)","SI.POV.GAPS","","","","","","","","","","","","","","","","","","","","","","","","","","","","","","","","","","","","","","","","","","","","","","","","","","","","","","","","","","","","",
"Brunei Darussalam","BRN","Poverty gap at $1.90 a day (2011 PPP) (%)","SI.POV.GAPS","","","","","","","","","","","","","","","","","","","","","","","","","","","","","","","","","","","","","","","","","","","","","","","","","","","","","","","","","","","","",
"Bhutan","BTN","Poverty gap at $1.90 a day (2011 PPP) (%)","SI.POV.GAPS","","","","","","","","","","","","","","","","","","","","","","","","","","","","","","","","","","","","","","","","","","","","3.3","","","","1.6","","","","","0.4","","","","","0.2","","",
"Botswana","BWA","Poverty gap at $1.90 a day (2011 PPP) (%)","SI.POV.GAPS","","","","","","","","","","","","","","","","","","","","","","","","","","17.9","","","","","","","","13.5","","","","","","","","","11.4","","","","","","","5.8","","","","","","4.3","","","","",
"Central African Republic","CAF","Poverty gap at $1.90 a day (2011 PPP) (%)","SI.POV.GAPS","","","","","","","","","","","","","","","","","","","","","","","","","","","","","","","","","58.8","","","","","","","","","","","30.3","","","","","33.1","","","","","","","","","","","",
"Canada","CAN","Poverty gap at $1.90 a day (2011 PPP) (%)","SI.POV.GAPS","","","","","","","","","","","","1.6","","","","0.7","","","","","","0.4","","","","","","0.1","","","","0.1","","","0.2","","","0.2","0.2","","0.1","","","","0.1","","","0.1","","","0.1","","","0.1","","","","","","",
"Central Europe and the Baltics","CEB","Poverty gap at $1.90 a day (2011 PPP) (%)","SI.POV.GAPS","","","","","","","","","","","","","","","","","","","","","","","","","","","","","","","","","","","","","","","","","","","","","","","","","","","","","","","","","","","","",
"Switzerland","CHE","Poverty gap at $1.90 a day (2011 PPP) (%)","SI.POV.GAPS","","","","","","","","","","","","","","","","","","","","","","","0.6","","","","","","","","","","0.5","","","","","","","","0","","0","","","","0","0","0","0","0","0","0","0","0","0","0","0","","",
"Channel Islands","CHI","Poverty gap at $1.90 a day (2011 PPP) (%)","SI.POV.GAPS","","","","","","","","","","","","","","","","","","","","","","","","","","","","","","","","","","","","","","","","","","","","","","","","","","","","","","","","","","","","",
"Chile","CHL","Poverty gap at $1.90 a day (2011 PPP) (%)","SI.POV.GAPS","","","","","","","","","","","","","","","","","","","","","","","","","","","","4.1","","","2.8","","1.5","","1.9","","1.2","","1.3","","1.8","","","1.8","","","0.5","","","0.5","","0.2","","0.2","","0.1","","0.2","","",
"China","CHN","Poverty gap at $1.90 a day (2011 PPP) (%)","SI.POV.GAPS","","","","","","","","","","","","","","","","","","","","","","","","","","","","","","","24.1","","","20.3","","","12.9","","","13.1","","","10.1","","","4.8","","","3.9","","2.7","1.8","1.4","0.4","0.3","0.2","0.1","","","",
"Cote d'Ivoire","CIV","Poverty gap at $1.90 a day (2011 PPP) (%)","SI.POV.GAPS","","","","","","","","","","","","","","","","","","","","","","","","","","2.1","0.6","1.6","2.6","","","","6.7","","","4.7","","","7.6","","","","7.1","","","","","","10.4","","","","","","","9.1","","","","",
"Cameroon","CMR","Poverty gap at $1.90 a day (2011 PPP) (%)","SI.POV.GAPS","","","","","","","","","","","","","","","","","","","","","","","","","","","","","","","","","","","","","15.3","","","","","6.1","","","","","","8.3","","","","","","","7.6","","","","","",
"Congo, Dem. Rep.","COD","Poverty gap at $1.90 a day (2011 PPP) (%)","SI.POV.GAPS","","","","","","","","","","","","","","","","","","","","","","","","","","","","","","","","","","","","","","","","","","","","","63.6","","","","","","","","38.6","","","","","","","",
"Congo, Rep.","COG","Poverty gap at $1.90 a day (2011 PPP) (%)","SI.POV.GAPS","","","","","","","","","","","","","","","","","","","","","","","","","","","","","","","","","","","","","","","","","","","","","","22.1","","","","","","14.9","","","","","","","","",
"Colombia","COL","Poverty gap at $1.90 a day (2011 PPP) (%)","SI.POV.GAPS","","","","","","","","","","","","","","","","","","","","","","","","","","","","","","","","","4.7","","","","9.1","","","11","11","10.2","5.4","4.5","3.6","3.3","","","4.3","3.4","2.9","2.3","2.3","2.2","2","1.8","1.8","1.6","1.7","",
"Comoros","COM","Poverty gap at $1.90 a day (2011 PPP) (%)","SI.POV.GAPS","","","","","","","","","","","","","","","","","","","","","","","","","","","","","","","","","","","","","","","","","","","","","3.7","","","","","","","","","","6","","","","","",
"Cabo Verde","CPV","Poverty gap at $1.90 a day (2011 PPP) (%)","SI.POV.GAPS","","","","","","","","","","","","","","","","","","","","","","","","","","","","","","","","","","","","","","","","","","4.6","","","","","","1.8","","","","","","","","0.7","","","","",
"Costa Rica","CRI","Poverty gap at $1.90 a day (2011 PPP) (%)","SI.POV.GAPS","","","","","","","","","","","","","","","","","","","","","","10.8","","","","","5.7","","","7.4","5.3","5.7","4.8","4.6","3.5","3.7","4.2","3.1","2.4","3","3.2","2.2","2.1","1.9","1.7","1.1","1.2","0.7","0.9","1.1","0.7","0.6","0.6","0.6","0.6","0.6","0.5","0.4","0.5","",
"Caribbean small states","CSS","Poverty gap at $1.90 a day (2011 PPP) (%)","SI.POV.GAPS","","","","","","","","","","","","","","","","","","","","","","","","","","","","","","","","","","","","","","","","","","","","","","","","","","","","","","","","","","","","",
"Cuba","CUB","Poverty gap at $1.90 a day (2011 PPP) (%)","SI.POV.GAPS","","","","","","","","","","","","","","","","","","","","","","","","","","","","","","","","","","","","","","","","","","","","","","","","","","","","","","","","","","","","",
"Curacao","CUW","Poverty gap at $1.90 a day (2011 PPP) (%)","SI.POV.GAPS","","","","","","","","","","","","","","","","","","","","","","","","","","","","","","","","","","","","","","","","","","","","","","","","","","","","","","","","","","","","",
"Cayman Islands","CYM","Poverty gap at $1.90 a day (2011 PPP) (%)","SI.POV.GAPS","","","","","","","","","","","","","","","","","","","","","","","","","","","","","","","","","","","","","","","","","","","","","","","","","","","","","","","","","","","","",
"Cyprus","CYP","Poverty gap at $1.90 a day (2011 PPP) (%)","SI.POV.GAPS","","","","","","","","","","","","","","","","","","","","","","","","","","","","","","","","","","","","","","","","","","","","","0.1","0","0","0","0","0.1","0","0","0","0","0.1","0","0","0","","",
"Czech Republic","CZE","Poverty gap at $1.90 a day (2011 PPP) (%)","SI.POV.GAPS","","","","","","","","","","","","","","","","","","","","","","","","","","","","","","","","","0","0","","","0","","","","","","0","","0","0","0","0.1","0","0","0","0","0","0","0","0","0","0","","",
"Germany","DEU","Poverty gap at $1.90 a day (2011 PPP) (%)","SI.POV.GAPS","","","","","","","","","","","","","","","","","","","","","","","","","","","","","","","","0","","","0.1","0.2","","","0","","0","0","0","0","0","0","0","0","0.1","0","0","0","","0","","0","0","","","",
"Djibouti","DJI","Poverty gap at $1.90 a day (2011 PPP) (%)","SI.POV.GAPS","","","","","","","","","","","","","","","","","","","","","","","","","","","","","","","","","","","","","","","","","","","6","","","","","","","","","","7.9","7.6","","","","5.7","","",
"Dominica","DMA","Poverty gap at $1.90 a day (2011 PPP) (%)","SI.POV.GAPS","","","","","","","","","","","","","","","","","","","","","","","","","","","","","","","","","","","","","","","","","","","","","","","","","","","","","","","","","","","","",
"Denmark","DNK","Poverty gap at $1.90 a day (2011 PPP) (%)","SI.POV.GAPS","","","","","","","","","","","","","","","","","","","","","","","","","","","","0.5","","","","","0.5","","","0","","","","","0","","","0.2","0.2","0.1","0","0","0.1","0.1","0","0","0","0.3","0.1","0.1","0.2","0.1","","",
"Dominican Republic","DOM","Poverty gap at $1.90 a day (2011 PPP) (%)","SI.POV.GAPS","","","","","","","","","","","","","","","","","","","","","","","","","","","1.7","","","3.4","","","1.5","","","","1.9","2","","","1.8","1.1","1.9","2.2","2.7","1.7","1.2","1.2","1","0.8","0.6","0.7","0.7","0.5","0.5","0.5","0.5","0.3","0.1","",
"Algeria","DZA","Poverty gap at $1.90 a day (2011 PPP) (%)","SI.POV.GAPS","","","","","","","","","","","","","","","","","","","","","","","","","","","","","0.9","","","","","","","1.1","","","","","","","","","","","","","","","","0.2","","","","","","","","",
"East Asia & Pacific (excluding high income)","EAP","Poverty gap at $1.90 a day (2011 PPP) (%)","SI.POV.GAPS","","","","","","","","","","","","","","","","","","","","","","","","","","","","","","","","","","","","","","","","","","","","","","","","","","","","","","","","","","","","",
"Early-demographic dividend","EAR","Poverty gap at $1.90 a day (2011 PPP) (%)","SI.POV.GAPS","","","","","","","","","","","","","","","","","","","","","","","","","","","","","","","","","","","","","","","","","","","","","","","","","","","","","","","","","","","","",
"East Asia & Pacific","EAS","Poverty gap at $1.90 a day (2011 PPP) (%)","SI.POV.GAPS","","","","","","","","","","","","","","","","","","","","","","38.2","","","27.2","","","21.6","","","22.4","","","19.3","","","12.9","","","12.3","","","9.1","","","4.8","","","3.8","","2.5","1.8","1.5","0.7","","0.5","","","0.3","",
"Europe & Central Asia (excluding high income)","ECA","Poverty gap at $1.90 a day (2011 PPP) (%)","SI.POV.GAPS","","","","","","","","","","","","","","","","","","","","","","","","","","","","","","","","","","","","","","","","","","","","","","","","","","","","","","","","","","","","",
"Europe & Central Asia","ECS","Poverty gap at $1.90 a day (2011 PPP) (%)","SI.POV.GAPS","","","","","","","","","","","","","","","","","","","","","","","","","","","","","","","","","","1.5","","","2.3","","","2.4","","","1.7","","","1.4","","","0.8","","0.7","0.6","0.6","0.4","","0.4","","","0.4","",
"Ecuador","ECU","Poverty gap at $1.90 a day (2011 PPP) (%)","SI.POV.GAPS","","","","","","","","","","","","","","","","","","","","","","","","","","","","","","","","","","","7.7","","","","","9.8","11.7","","","5.6","6.2","4.5","2.8","3.1","2.9","2.5","1.9","1.8","1.5","1","0.8","1.2","1.2","1.1","1","",
"Egypt, Arab Rep.","EGY","Poverty gap at $1.90 a day (2011 PPP) (%)","SI.POV.GAPS","","","","","","","","","","","","","","","","","","","","","","","","","","","","","","","1.1","","","","","0.6","","","","0.3","","","","","0.6","","","","0.6","","0.2","","0.2","","","0.2","","0.5","","",
"Euro area","EMU","Poverty gap at $1.90 a day (2011 PPP) (%)","SI.POV.GAPS","","","","","","","","","","","","","","","","","","","","","","","","","","","","","","","","","","","","","","","","","","","","","","","","","","","","","","","","","","","","",
"Eritrea","ERI","Poverty gap at $1.90 a day (2011 PPP) (%)","SI.POV.GAPS","","","","","","","","","","","","","","","","","","","","","","","","","","","","","","","","","","","","","","","","","","","","","","","","","","","","","","","","","","","","",
"Spain","ESP","Poverty gap at $1.90 a day (2011 PPP) (%)","SI.POV.GAPS","","","","","","","","","","","","","","","","","","","","","0.2","","","","","0","","","","","0.3","","","","","0.8","","","","","0.2","","","0.6","0.6","0.6","0.6","0.3","0.4","0.6","0.5","0.9","0.6","0.8","0.5","0.6","0.7","0.5","","",
"Estonia","EST","Poverty gap at $1.90 a day (2011 PPP) (%)","SI.POV.GAPS","","","","","","","","","","","","","","","","","","","","","","","","","","","","","","","","","","0.5","","","","","","","","","","1.3","0.6","0.3","0.5","0.3","0.2","0.3","0.4","0.6","0.4","0.6","0.5","0.4","0.3","0.2","","",
"Ethiopia","ETH","Poverty gap at $1.90 a day (2011 PPP) (%)","SI.POV.GAPS","","","","","","","","","","","","","","","","","","","","","","","","","","","","","","","","","","","","29.5","","","","19","","","","","8.7","","","","","","9","","","","","8.9","","","","",
"European Union","EUU","Poverty gap at $1.90 a day (2011 PPP) (%)","SI.POV.GAPS","","","","","","","","","","","","","","","","","","","","","","","","","","","","","","","","","","","","","","","","","","","","","","","","","","","","","","","","","","","","",
"Fragile and conflict affected situations","FCS","Poverty gap at $1.90 a day (2011 PPP) (%)","SI.POV.GAPS","","","","","","","","","","","","","","","","","","","","","","27.6","","","28.1","","","27.7","","","28.6","","","31.1","","","29.7","","","27.7","","","25","","","21.6","","","18.4","","16.9","16.2","15.2","14.6","","14.2","","","15.3","",
"Finland","FIN","Poverty gap at $1.90 a day (2011 PPP) (%)","SI.POV.GAPS","","","","","","","","","","","","","","","","","","","","","","","","","","","","0","","","","0","","","","0","","","","","0","","","0","0","0","0.1","0","0","0","0","0","0","0.1","0","0.1","0","0.1","","",
"Fiji","FJI","Poverty gap at $1.90 a day (2011 PPP) (%)","SI.POV.GAPS","","","","","","","","","","","","","","","","","","","","","","","","","","","","","","","","","","","","","","","","","","","0.9","","","","","","0.6","","","","","0.2","","","","","","",
"France","FRA","Poverty gap at $1.90 a day (2011 PPP) (%)","SI.POV.GAPS","","","","","","","","","","","","","","","","","","","0.6","","","","","","1.1","","","","","0.8","","","","","0","","","","","","0","","","0.1","0","0","0","0","0","0","0","0","0","0","0","0.1","0.1","0","","",
"Faroe Islands","FRO","Poverty gap at $1.90 a day (2011 PPP) (%)","SI.POV.GAPS","","","","","","","","","","","","","","","","","","","","","","","","","","","","","","","","","","","","","","","","","","","","","","","","","","","","","","","","","","","","",
"Micronesia, Fed. Sts.","FSM","Poverty gap at $1.90 a day (2011 PPP) (%)","SI.POV.GAPS","","","","","","","","","","","","","","","","","","","","","","","","","","","","","","","","","","","","","","","","","","","","","","1.6","","","","","","","","5.5","","","","","","",
"Gabon","GAB","Poverty gap at $1.90 a day (2011 PPP) (%)","SI.POV.GAPS","","","","","","","","","","","","","","","","","","","","","","","","","","","","","","","","","","","","","","","","","","","","","","1.8","","","","","","","","","","","","0.8","","",
"United Kingdom","GBR","Poverty gap at $1.90 a day (2011 PPP) (%)","SI.POV.GAPS","","","","","","","","","","0.1","","","","","0.1","","","","","0.1","","","","","","","0.5","","","","","0.1","","","0.2","0.5","","","","0.1","","","","","0.2","0.3","0.1","0.2","0.2","0.1","0.1","0.3","0.1","0.1","0.1","0.1","0.1","","","",
"Georgia","GEO","Poverty gap at $1.90 a day (2011 PPP) (%)","SI.POV.GAPS","","","","","","","","","","","","","","","","","","","","","","","","","","","","","","","","","","","","","1","5.7","5.4","6.5","7","6.6","3.1","3.3","3.1","3.3","3.2","3.4","3","3","3.7","3.6","2.4","1.6","1.3","0.9","1","1.3","1.2","",
"Ghana","GHA","Poverty gap at $1.90 a day (2011 PPP) (%)","SI.POV.GAPS","","","","","","","","","","","","","","","","","","","","","","","","","","","","14.3","13.8","","","17.7","","","","","","","12.3","","","","","","","8.2","","","","","","","3.5","","","","4.7","","","",
"Gibraltar","GIB","Poverty gap at $1.90 a day (2011 PPP) (%)","SI.POV.GAPS","","","","","","","","","","","","","","","","","","","","","","","","","","","","","","","","","","","","","","","","","","","","","","","","","","","","","","","","","","","","",
"Guinea","GIN","Poverty gap at $1.90 a day (2011 PPP) (%)","SI.POV.GAPS","","","","","","","","","","","","","","","","","","","","","","","","","","","","","","","","61.9","","","19.5","","","","","","","","26.6","","","","","23.7","","","","","10.3","","","","","","","",
"Gambia, The","GMB","Poverty gap at $1.90 a day (2011 PPP) (%)","SI.POV.GAPS","","","","","","","","","","","","","","","","","","","","","","","","","","","","","","","","","","","","","","","36","","","","","17.7","","","","","","","7.4","","","","","2.2","","","","",
"Guinea-Bissau","GNB","Poverty gap at $1.90 a day (2011 PPP) (%)","SI.POV.GAPS","","","","","","","","","","","","","","","","","","","","","","","","","","","","","","","","22.7","","28.4","","","","","","","","","18.6","","","","","","","","30.5","","","","","","","","","",
"Equatorial Guinea","GNQ","Poverty gap at $1.90 a day (2011 PPP) (%)","SI.POV.GAPS","","","","","","","","","","","","","","","","","","","","","","","","","","","","","","","","","","","","","","","","","","","","","","","","","","","","","","","","","","","","",
"Greece","GRC","Poverty gap at $1.90 a day (2011 PPP) (%)","SI.POV.GAPS","","","","","","","","","","","","","","","","","","","","","","","","","","","","","","","","","","","","1.1","","","","","0.4","","","0.4","0.5","0.2","0.3","0.4","0.3","0.5","0.7","0.9","0.6","0.3","0.8","0.8","0.6","0.4","","",
"Grenada","GRD","Poverty gap at $1.90 a day (2011 PPP) (%)","SI.POV.GAPS","","","","","","","","","","","","","","","","","","","","","","","","","","","","","","","","","","","","","","","","","","","","","","","","","","","","","","","","","","","","",
"Greenland","GRL","Poverty gap at $1.90 a day (2011 PPP) (%)","SI.POV.GAPS","","","","","","","","","","","","","","","","","","","","","","","","","","","","","","","","","","","","","","","","","","","","","","","","","","","","","","","","","","","","",
"Guatemala","GTM","Poverty gap at $1.90 a day (2011 PPP) (%)","SI.POV.GAPS","","","","","","","","","","","","","","","","","","","","","","","","","","","23.5","","","17.6","","","","","","","","","5.1","","3.3","","","","","","3.7","","","","","","","","2.5","","","","","",
"Guam","GUM","Poverty gap at $1.90 a day (2011 PPP) (%)","SI.POV.GAPS","","","","","","","","","","","","","","","","","","","","","","","","","","","","","","","","","","","","","","","","","","","","","","","","","","","","","","","","","","","","",
"Guyana","GUY","Poverty gap at $1.90 a day (2011 PPP) (%)","SI.POV.GAPS","","","","","","","","","","","","","","","","","","","","","","","","","","","","","","","","","12.4","","","","","","4.8","","","","","","","","","","","","","","","","","","","","","",
"High income","HIC","Poverty gap at $1.90 a day (2011 PPP) (%)","SI.POV.GAPS","","","","","","","","","","","","","","","","","","","","","","0.4","","","0.4","","","0.4","","","0.4","","","0.4","","","0.4","","","0.4","","","0.4","","","0.4","","","0.4","","0.4","0.4","0.4","0.4","","0.4","","","0.4","",
"Hong Kong SAR, China","HKG","Poverty gap at $1.90 a day (2011 PPP) (%)","SI.POV.GAPS","","","","","","","","","","","","","","","","","","","","","","","","","","","","","","","","","","","","","","","","","","","","","","","","","","","","","","","","","","","","",
"Honduras","HND","Poverty gap at $1.90 a day (2011 PPP) (%)","SI.POV.GAPS","","","","","","","","","","","","","","","","","","","","","","","","","","","","","","19.1","20.7","13.4","10.8","8.8","10.6","11.1","13.3","7.8","13.1","12.9","","8.9","10.1","12.6","12.1","13","10.6","6.5","6.6","4.8","5.3","7","8","6.6","5.4","5.6","7.3","6.8","6.6","",
"Heavily indebted poor countries (HIPC)","HPC","Poverty gap at $1.90 a day (2011 PPP) (%)","SI.POV.GAPS","","","","","","","","","","","","","","","","","","","","","","","","","","","","","","","","","","","","","","","","","","","","","","","","","","","","","","","","","","","","",
"Croatia","HRV","Poverty gap at $1.90 a day (2011 PPP) (%)","SI.POV.GAPS","","","","","","","","","","","","","","","","","","","","","","","","","","","","","0","","","","","","","","","","","","","","","","","","","","","0.7","0.9","0.4","0.5","0.5","0.6","0.4","0.3","0.3","","",
"Haiti","HTI","Poverty gap at $1.90 a day (2011 PPP) (%)","SI.POV.GAPS","","","","","","","","","","","","","","","","","","","","","","","","","","","","","","","","","","","","","","","","","","","","","","","","","","","","","7.9","","","","","","","",
"Hungary","HUN","Poverty gap at $1.90 a day (2011 PPP) (%)","SI.POV.GAPS","","","","","","","","","","","","","","","","","","","","","","","","","","","","0.1","","0","","1","","0.2","0.5","","","","","0.1","","","","","0.1","0.3","0.1","0","0","0","0","0","0.2","0","0.4","0.3","0.7","0.3","","",
"IBRD only","IBD","Poverty gap at $1.90 a day (2011 PPP) (%)","SI.POV.GAPS","","","","","","","","","","","","","","","","","","","","","","","","","","","","","","","","","","","","","","","","","","","","","","","","","","","","","","","","","","","","",
"IDA & IBRD total","IBT","Poverty gap at $1.90 a day (2011 PPP) (%)","SI.POV.GAPS","","","","","","","","","","","","","","","","","","","","","","","","","","","","","","","","","","","","","","","","","","","","","","","","","","","","","","","","","","","","",
"IDA total","IDA","Poverty gap at $1.90 a day (2011 PPP) (%)","SI.POV.GAPS","","","","","","","","","","","","","","","","","","","","","","22","","","23","","","22.7","","","23.3","","","23.7","","","22.1","","","21.4","","","19.3","","","16.1","","","14.1","","13.2","12.5","11.9","11.5","","11.2","","","11.1","",
"IDA blend","IDB","Poverty gap at $1.90 a day (2011 PPP) (%)","SI.POV.GAPS","","","","","","","","","","","","","","","","","","","","","","","","","","","","","","","","","","","","","","","","","","","","","","","","","","","","","","","","","","","","",
"Indonesia","IDN","Poverty gap at $1.90 a day (2011 PPP) (%)","SI.POV.GAPS","","","","","","","","","","","","","","","","","","","","","","","","","27.5","","","25.8","","","18","","","17.8","","","13","","22.4","10.1","9.1","7.7","4.2","4.3","5.2","4.3","6.3","4.7","4.4","3.5","2.9","2.3","1.9","1.4","1.2","1.2","1","0.9","0.7","",
"IDA only","IDX","Poverty gap at $1.90 a day (2011 PPP) (%)","SI.POV.GAPS","","","","","","","","","","","","","","","","","","","","","","","","","","","","","","","","","","","","","","","","","","","","","","","","","","","","","","","","","","","","",
"Isle of Man","IMN","Poverty gap at $1.90 a day (2011 PPP) (%)","SI.POV.GAPS","","","","","","","","","","","","","","","","","","","","","","","","","","","","","","","","","","","","","","","","","","","","","","","","","","","","","","","","","","","","",
"India","IND","Poverty gap at $1.90 a day (2011 PPP) (%)","SI.POV.GAPS","","","","","","","","","","","","","","","","","","21","","","","","","17.1","","","","13.8","","","","","","12","","","","","","","","","","","9.2","","","","","7","","4.3","","","","","","","","",
"Not classified","INX","Poverty gap at $1.90 a day (2011 PPP) (%)","SI.POV.GAPS","","","","","","","","","","","","","","","","","","","","","","","","","","","","","","","","","","","","","","","","","","","","","","","","","","","","","","","","","","","","",
"Ireland","IRL","Poverty gap at $1.90 a day (2011 PPP) (%)","SI.POV.GAPS","","","","","","","","","","","","","","","","","","","","","","","","","","","","0.3","","","","","","","0.1","0.1","0.1","","","","0","","","0.1","0","0","0.1","0","0.1","0.4","0.3","0.4","0.1","0.5","0.3","0.3","0.1","","","",
"Iran, Islamic Rep.","IRN","Poverty gap at $1.90 a day (2011 PPP) (%)","SI.POV.GAPS","","","","","","","","","","","","","","","","","","","","","","","","","","","1.6","","","","1.4","","","","0.6","","","","0.4","","","","","","","0.1","0.1","","","0.3","","","","0","0","0","0","0","","",
"Iraq","IRQ","Poverty gap at $1.90 a day (2011 PPP) (%)","SI.POV.GAPS","","","","","","","","","","","","","","","","","","","","","","","","","","","","","","","","","","","","","","","","","","","","","","","0.3","","","","","","0.4","","","","","","","",
"Iceland","ISL","Poverty gap at $1.90 a day (2011 PPP) (%)","SI.POV.GAPS","","","","","","","","","","","","","","","","","","","","","","","","","","","","","","","","","","","","","","","","","","","","0","0.1","0","0.1","0","0","0.1","0.1","0.1","0","0","0","0","","","","",
"Israel","ISR","Poverty gap at $1.90 a day (2011 PPP) (%)","SI.POV.GAPS","","","","","","","","","","","","","","","","","","","","0","","","","","","","0.1","","","","","","0","","","","","0.2","","","","0","","","","0.3","","0.2","","","0.1","","0.3","","0.2","","0","","","",
"Italy","ITA","Poverty gap at $1.90 a day (2011 PPP) (%)","SI.POV.GAPS","","","","","","","","","","","","","","","","","","","","","","","","","","","0.1","1","","0","","0.2","","0.8","","0.5","","","1.4","","1.1","","","0.5","0.5","0.5","0.5","0.5","0.5","0.6","0.9","0.9","0.8","1.1","0.9","1.4","1.2","1.1","","",
"Jamaica","JAM","Poverty gap at $1.90 a day (2011 PPP) (%)","SI.POV.GAPS","","","","","","","","","","","","","","","","","","","","","","","","","","","","","1.7","","0.9","","","2.6","","","0.8","","","0.7","","","0.7","","0.4","","","","","","","","","","","","","","","",
"Jordan","JOR","Poverty gap at $1.90 a day (2011 PPP) (%)","SI.POV.GAPS","","","","","","","","","","","","","","","","","","","","","","","","","","","0","","","","","","0.5","","","","","0.3","","","","","0.2","","","","0","","0","","0","","","","","","","","","",
"Japan","JPN","Poverty gap at $1.90 a day (2011 PPP) (%)","SI.POV.GAPS","","","","","","","","","","","","","","","","","","","","","","","","","","","","","","","","","","","","","","","","","","","","","","","","","0.2","","0","","","0.2","","","","","","",
"Kazakhstan","KAZ","Poverty gap at $1.90 a day (2011 PPP) (%)","SI.POV.GAPS","","","","","","","","","","","","","","","","","","","","","","","","","","","","","","","","","","","","","1.7","","","","","2.5","1.4","0.9","0.4","1.6","0.1","0","0","0","0","0","0","0","0","0","0","0","","",
"Kenya","KEN","Poverty gap at $1.90 a day (2011 PPP) (%)","SI.POV.GAPS","","","","","","","","","","","","","","","","","","","","","","","","","","","","","","","","","11.8","","11.3","","","9.8","","","","","","","","16.2","","","","","","","","","","11.6","","","","",
"Kyrgyz Republic","KGZ","Poverty gap at $1.90 a day (2011 PPP) (%)","SI.POV.GAPS","","","","","","","","","","","","","","","","","","","","","","","","","","","","","","","","","","","","","","","11.6","","11.2","9.2","8.7","6.2","2.8","3","1.8","2","0.7","0.3","1.1","0.2","0.7","0.5","0.2","0.5","0.2","0.3","0.1","",
"Cambodia","KHM","Poverty gap at $1.90 a day (2011 PPP) (%)","SI.POV.GAPS","","","","","","","","","","","","","","","","","","","","","","","","","","","","","","","","","","","","","","","","","","","","","","","","","","","","","","","","","","","","",
"Kiribati","KIR","Poverty gap at $1.90 a day (2011 PPP) (%)","SI.POV.GAPS","","","","","","","","","","","","","","","","","","","","","","","","","","","","","","","","","","","","","","","","","","","","","","","3.3","","","","","","","","","","","","","",
"St. Kitts and Nevis","KNA","Poverty gap at $1.90 a day (2011 PPP) (%)","SI.POV.GAPS","","","","","","","","","","","","","","","","","","","","","","","","","","","","","","","","","","","","","","","","","","","","","","","","","","","","","","","","","","","","",
"Korea, Rep.","KOR","Poverty gap at $1.90 a day (2011 PPP) (%)","SI.POV.GAPS","","","","","","","","","","","","","","","","","","","","","","","","","","","","","","","","","","","","","","","","","","","","","","","0.2","","0.2","","0.2","","0.1","","","","","","","",
"Kuwait","KWT","Poverty gap at $1.90 a day (2011 PPP) (%)","SI.POV.GAPS","","","","","","","","","","","","","","","","","","","","","","","","","","","","","","","","","","","","","","","","","","","","","","","","","","","","","","","","","","","","",
"Latin America & Caribbean (excluding high income)","LAC","Poverty gap at $1.90 a day (2011 PPP) (%)","SI.POV.GAPS","","","","","","","","","","","","","","","","","","","","","","","","","","","","","","","","","","","","","","","","","","","","","","","","","","","","","","","","","","","","",
"Lao PDR","LAO","Poverty gap at $1.90 a day (2011 PPP) (%)","SI.POV.GAPS","","","","","","","","","","","","","","","","","","","","","","","","","","","","","","","","","7.4","","","","","15.7","","","","","8","","","","","6.3","","","","","5.3","","","","","","","",
"Lebanon","LBN","Poverty gap at $1.90 a day (2011 PPP) (%)","SI.POV.GAPS","","","","","","","","","","","","","","","","","","","","","","","","","","","","","","","","","","","","","","","","","","","","","","","","","","","","0","","","","","","","","",
"Liberia","LBR","Poverty gap at $1.90 a day (2011 PPP) (%)","SI.POV.GAPS","","","","","","","","","","","","","","","","","","","","","","","","","","","","","","","","","","","","","","","","","","","","","","","","28.1","","","","","","","11.7","","13","","","",
"Libya","LBY","Poverty gap at $1.90 a day (2011 PPP) (%)","SI.POV.GAPS","","","","","","","","","","","","","","","","","","","","","","","","","","","","","","","","","","","","","","","","","","","","","","","","","","","","","","","","","","","","",
"St. Lucia","LCA","Poverty gap at $1.90 a day (2011 PPP) (%)","SI.POV.GAPS","","","","","","","","","","","","","","","","","","","","","","","","","","","","","","","","","","","","13.3","","","","","","","","","","","","","","","","","","","","","2.7","","","",
"Latin America & Caribbean","LCN","Poverty gap at $1.90 a day (2011 PPP) (%)","SI.POV.GAPS","","","","","","","","","","","","","","","","","","","","","","5.6","","","6.7","","","5.6","","","6.3","","","6","","","6.1","","","5.9","","","4.8","","","4.1","","","2.8","","2.5","2.4","1.8","1.6","","1.5","","","1.7","",
"Least developed countries: UN classification","LDC","Poverty gap at $1.90 a day (2011 PPP) (%)","SI.POV.GAPS","","","","","","","","","","","","","","","","","","","","","","","","","","","","","","","","","","","","","","","","","","","","","","","","","","","","","","","","","","","","",
"Low income","LIC","Poverty gap at $1.90 a day (2011 PPP) (%)","SI.POV.GAPS","","","","","","","","","","","","","","","","","","","","","","27.8","","","29.3","","","28.8","","","29.5","","","33","","","32.7","","","31.3","","","29.6","","","25.2","","","21.6","","20.2","19.2","18.2","17.7","","17.5","","","17.6","",
"Liechtenstein","LIE","Poverty gap at $1.90 a day (2011 PPP) (%)","SI.POV.GAPS","","","","","","","","","","","","","","","","","","","","","","","","","","","","","","","","","","","","","","","","","","","","","","","","","","","","","","","","","","","","",
"Sri Lanka","LKA","Poverty gap at $1.90 a day (2011 PPP) (%)","SI.POV.GAPS","","","","","","","","","","","","","","","","","","","","","","","","","","2.6","","","","","1.5","","","","","1.6","","","","","","","1.4","","","","0.5","","","0.4","","","0.3","","","","0.1","","","",
"Lower middle income","LMC","Poverty gap at $1.90 a day (2011 PPP) (%)","SI.POV.GAPS","","","","","","","","","","","","","","","","","","","","","","18.6","","","17.4","","","16.2","","","14.5","","","13.7","","","11.9","","","11","","","9.6","","","8.1","","","7","","5.9","5","4.7","4.2","","3.6","","","","",
"Low & middle income","LMY","Poverty gap at $1.90 a day (2011 PPP) (%)","SI.POV.GAPS","","","","","","","","","","","","","","","","","","","","","","22.6","","","18.3","","","15.6","","","15.6","","","14.6","","","11.9","","","11.5","","","9.9","","","7.5","","","6.4","","5.5","4.8","4.4","3.9","","3.6","","","","",
"Lesotho","LSO","Poverty gap at $1.90 a day (2011 PPP) (%)","SI.POV.GAPS","","","","","","","","","","","","","","","","","","","","","","","","","","","24.2","","","","","","","","28.4","","","","","","","","32","","","","","","","","","","","","","","","9.3","","",
"Late-demographic dividend","LTE","Poverty gap at $1.90 a day (2011 PPP) (%)","SI.POV.GAPS","","","","","","","","","","","","","","","","","","","","","","","","","","","","","","","","","","","","","","","","","","","","","","","","","","","","","","","","","","","","",
"Lithuania","LTU","Poverty gap at $1.90 a day (2011 PPP) (%)","SI.POV.GAPS","","","","","","","","","","","","","","","","","","","","","","","","","","","","","","","","","","0.9","","","","","","","","","","","1.3","0.9","0.7","0.8","0.9","1.2","1","0.5","0.7","0.5","0.7","0.5","0.7","0.8","","",
"Luxembourg","LUX","Poverty gap at $1.90 a day (2011 PPP) (%)","SI.POV.GAPS","","","","","","","","","","","","","","","","","","","","","","","","","","0","","","","","","0","","","0","","","0","","","0","","","0","0","0","0","0","0","0","0","0","0","0.1","0.1","0.2","0.1","0.2","","",
"Latvia","LVA","Poverty gap at $1.90 a day (2011 PPP) (%)","SI.POV.GAPS","","","","","","","","","","","","","","","","","","","","","","","","","","","","","","","","","","0","","0","0.2","","","","","","","","1.2","1.2","0.8","0.3","0.5","1","0.7","0.5","0.5","0.6","0.4","0.4","0.3","0.3","","",
"Macao SAR, China","MAC","Poverty gap at $1.90 a day (2011 PPP) (%)","SI.POV.GAPS","","","","","","","","","","","","","","","","","","","","","","","","","","","","","","","","","","","","","","","","","","","","","","","","","","","","","","","","","","","","",
"St. Martin (French part)","MAF","Poverty gap at $1.90 a day (2011 PPP) (%)","SI.POV.GAPS","","","","","","","","","","","","","","","","","","","","","","","","","","","","","","","","","","","","","","","","","","","","","","","","","","","","","","","","","","","","",
"Morocco","MAR","Poverty gap at $1.90 a day (2011 PPP) (%)","SI.POV.GAPS","","","","","","","","","","","","","","","","","","","","","","","","","2.3","","","","","","0.4","","","","","","","","1.3","","1.3","","","","","","0.6","","","","","","","0.2","","","","","","",
"Monaco","MCO","Poverty gap at $1.90 a day (2011 PPP) (%)","SI.POV.GAPS","","","","","","","","","","","","","","","","","","","","","","","","","","","","","","","","","","","","","","","","","","","","","","","","","","","","","","","","","","","","",
"Moldova","MDA","Poverty gap at $1.90 a day (2011 PPP) (%)","SI.POV.GAPS","","","","","","","","","","","","","","","","","","","","","","","","","","","","","","","","","","","","","","4.6","8.9","12.5","10.9","7.9","3.9","1.4","1.9","3.3","0.6","0.3","0.2","0.1","0.1","0","0","0","0","0","0","0","0","",
"Madagascar","MDG","Poverty gap at $1.90 a day (2011 PPP) (%)","SI.POV.GAPS","","","","","","","","","","","","","","","","","","","","","18","","","","","","","","","","","","","31","","","","28.8","","27.8","","34.3","","","","30.7","","","","","38.2","","39","","","","","","","",
"Maldives","MDV","Poverty gap at $1.90 a day (2011 PPP) (%)","SI.POV.GAPS","","","","","","","","","","","","","","","","","","","","","","","","","","","","","","","","","","","","","","","","","","","2.6","","","","","","","1.5","","","","","","","0","","","",
"Middle East & North Africa","MEA","Poverty gap at $1.90 a day (2011 PPP) (%)","SI.POV.GAPS","","","","","","","","","","","","","","","","","","","","","","","","","1.7","","","1.5","","","1.2","","","1.3","","","1.2","","","0.7","","","0.6","","","0.5","","","0.5","","0.4","0.5","0.5","0.5","","0.9","","","2.1","",
"Mexico","MEX","Poverty gap at $1.90 a day (2011 PPP) (%)","SI.POV.GAPS","","","","","","","","","","","","","","","","","","","","","","","","","","","","","","2.2","","","3.3","","3.7","","9.1","","6.2","","2.9","","2.1","","2","2.2","1.3","","1.7","","1.6","","1.2","","1.1","","0.7","","0.5","",
"Marshall Islands","MHL","Poverty gap at $1.90 a day (2011 PPP) (%)","SI.POV.GAPS","","","","","","","","","","","","","","","","","","","","","","","","","","","","","","","","","","","","","","","","","","","","","","","","","","","","","","","","","","","","",
"Middle income","MIC","Poverty gap at $1.90 a day (2011 PPP) (%)","SI.POV.GAPS","","","","","","","","","","","","","","","","","","","","","","","","","","","","","","","","","","","","","","","","","","","","","","","","","","","","","","","","","","","","",
"North Macedonia","MKD","Poverty gap at $1.90 a day (2011 PPP) (%)","SI.POV.GAPS","","","","","","","","","","","","","","","","","","","","","","","","","","","","","","","","","","","","","","","","","","","","","","","","","","4.2","5.9","4","2.8","1.8","1.9","2.1","1.6","1.8","","",
"Mali","MLI","Poverty gap at $1.90 a day (2011 PPP) (%)","SI.POV.GAPS","","","","","","","","","","","","","","","","","","","","","","","","","","","","","","","","","","","52.1","","","","","","","23.1","","","","","17.7","","","15.4","","","","","","","","","","",
"Malta","MLT","Poverty gap at $1.90 a day (2011 PPP) (%)","SI.POV.GAPS","","","","","","","","","","","","","","","","","","","","","","","","","","","","","","","","","","","","","","","","","","","","","","","0.2","0.2","0.1","0.2","0.1","0.1","0","0","0","0.1","0.1","0.1","","",
"Myanmar","MMR","Poverty gap at $1.90 a day (2011 PPP) (%)","SI.POV.GAPS","","","","","","","","","","","","","","","","","","","","","","","","","","","","","","","","","","","","","","","","","","","","","","","","","","","","","","","","1.5","","0.3","","",
"Middle East & North Africa (excluding high income)","MNA","Poverty gap at $1.90 a day (2011 PPP) (%)","SI.POV.GAPS","","","","","","","","","","","","","","","","","","","","","","","","","","","","","","","","","","","","","","","","","","","","","","","","","","","","","","","","","","","","",
"Montenegro","MNE","Poverty gap at $1.90 a day (2011 PPP) (%)","SI.POV.GAPS","","","","","","","","","","","","","","","","","","","","","","","","","","","","","","","","","","","","","","","","","","","","","","","","","","","","","1.3","1.1","0.4","0.3","","","","",
"Mongolia","MNG","Poverty gap at $1.90 a day (2011 PPP) (%)","SI.POV.GAPS","","","","","","","","","","","","","","","","","","","","","","","","","","","","","","","","","","","","2.7","","","7.4","","","","2.2","","","","","0.2","","","0.1","0.1","0.1","","0","","0.1","","0.1","",
"Northern Mariana Islands","MNP","Poverty gap at $1.90 a day (2011 PPP) (%)","SI.POV.GAPS","","","","","","","","","","","","","","","","","","","","","","","","","","","","","","","","","","","","","","","","","","","","","","","","","","","","","","","","","","","","",
"Mozambique","MOZ","Poverty gap at $1.90 a day (2011 PPP) (%)","SI.POV.GAPS","","","","","","","","","","","","","","","","","","","","","","","","","","","","","","","","","","","","","48.6","","","","","","40.2","","","","","","31.4","","","","","","27.9","","","","","",
"Mauritania","MRT","Poverty gap at $1.90 a day (2011 PPP) (%)","SI.POV.GAPS","","","","","","","","","","","","","","","","","","","","","","","","","","","","17.3","","","","","","13.6","","6.1","","","","","5.2","","","","3.6","","","","2.7","","","","","","1.4","","","","","",
"Mauritius","MUS","Poverty gap at $1.90 a day (2011 PPP) (%)","SI.POV.GAPS","","","","","","","","","","","","","","","","","","","","","","","","","","","","","","","","","","","","","","","","","","","","","","","0.1","","","","","","0.1","","","","","0","","",
"Malawi","MWI","Poverty gap at $1.90 a day (2011 PPP) (%)","SI.POV.GAPS","","","","","","","","","","","","","","","","","","","","","","","","","","","","","","","","","","","","","","24.7","","","","","","","31.5","","","","","","34","","","","","","29.4","","","",
"Malaysia","MYS","Poverty gap at $1.90 a day (2011 PPP) (%)","SI.POV.GAPS","","","","","","","","","","","","","","","","","","","","","","","","","0.6","","","0.3","","0.2","","","0.1","","","0.2","","0","","","","","","","0.1","","","0.1","0.1","","","0","","0","","0","","","","",
"North America","NAC","Poverty gap at $1.90 a day (2011 PPP) (%)","SI.POV.GAPS","","","","","","","","","","","","","","","","","","","","","","","","","","","","","","","","","","","","","","","","","","","","","","","","","","","","","","","","","","","","",
"Namibia","NAM","Poverty gap at $1.90 a day (2011 PPP) (%)","SI.POV.GAPS","","","","","","","","","","","","","","","","","","","","","","","","","","","","","","","","","","","","","","","","","","","","10.2","","","","","","6.6","","","","","","4.6","","","","",
"New Caledonia","NCL","Poverty gap at $1.90 a day (2011 PPP) (%)","SI.POV.GAPS","","","","","","","","","","","","","","","","","","","","","","","","","","","","","","","","","","","","","","","","","","","","","","","","","","","","","","","","","","","","",
"Niger","NER","Poverty gap at $1.90 a day (2011 PPP) (%)","SI.POV.GAPS","","","","","","","","","","","","","","","","","","","","","","","","","","","","","","","","","34.1","","43.1","","","","","","","","","","","35.5","","28.7","","","","13.9","","","13.5","","","","","",
"Nigeria","NGA","Poverty gap at $1.90 a day (2011 PPP) (%)","SI.POV.GAPS","","","","","","","","","","","","","","","","","","","","","","","","","","21.5","","","","","","","27.4","","","","31.1","","","","","","","21.9","","","","","","21.8","","","","","","","","","","",
"Nicaragua","NIC","Poverty gap at $1.90 a day (2011 PPP) (%)","SI.POV.GAPS","","","","","","","","","","","","","","","","","","","","","","","","","","","","","","","","","","18.2","","","","","10.5","","","5.5","","","","2.2","","","","1.9","","","","","0.7","","","","","",
"Netherlands","NLD","Poverty gap at $1.90 a day (2011 PPP) (%)","SI.POV.GAPS","","","","","","","","","","","","","","","","","","","","","","","","0.4","","","","0.2","","","0.6","","","0.7","","","","","","0.2","","","","","0.1","0.1","0","0","0.1","0.1","0","0.1","0","0","0","0","0","0.1","","",
"Norway","NOR","Poverty gap at $1.90 a day (2011 PPP) (%)","SI.POV.GAPS","","","","","","","","","","","","","","","","","","","","0.2","","","","","","","0","","","","","0.2","","","","0.2","","","","","0.2","","","0.1","0.2","0.1","0.1","0.1","0.1","0","0.1","0.1","0.1","0.1","0.1","0.1","0.2","0.2","","",
"Nepal","NPL","Poverty gap at $1.90 a day (2011 PPP) (%)","SI.POV.GAPS","","","","","","","","","","","","","","","","","","","","","","","","","","","","","","","","","","","","23.8","","","","","","","","16.5","","","","","","","3.1","","","","","","","","","",
"Nauru","NRU","Poverty gap at $1.90 a day (2011 PPP) (%)","SI.POV.GAPS","","","","","","","","","","","","","","","","","","","","","","","","","","","","","","","","","","","","","","","","","","","","","","","","","","","","","","","","","","","","",
"New Zealand","NZL","Poverty gap at $1.90 a day (2011 PPP) (%)","SI.POV.GAPS","","","","","","","","","","","","","","","","","","","","","","","","","","","","","","","","","","","","","","","","","","","","","","","","","","","","","","","","","","","","",
"OECD members","OED","Poverty gap at $1.90 a day (2011 PPP) (%)","SI.POV.GAPS","","","","","","","","","","","","","","","","","","","","","","","","","","","","","","","","","","","","","","","","","","","","","","","","","","","","","","","","","","","","",
"Oman","OMN","Poverty gap at $1.90 a day (2011 PPP) (%)","SI.POV.GAPS","","","","","","","","","","","","","","","","","","","","","","","","","","","","","","","","","","","","","","","","","","","","","","","","","","","","","","","","","","","","",
"Other small states","OSS","Poverty gap at $1.90 a day (2011 PPP) (%)","SI.POV.GAPS","","","","","","","","","","","","","","","","","","","","","","","","","","","","","","","","","","","","","","","","","","","","","","","","","","","","","","","","","","","","",
"Pakistan","PAK","Poverty gap at $1.90 a day (2011 PPP) (%)","SI.POV.GAPS","","","","","","","","","","","","","","","","","","","","","","","","","","","","20.6","","","19.9","","","","","","2.6","","4.8","","","5.8","","","3.4","2.7","","2.1","","","1.2","1.1","","0.9","","0.5","","","","",
"Panama","PAN","Poverty gap at $1.90 a day (2011 PPP) (%)","SI.POV.GAPS","","","","","","","","","","","","","","","","","","","","1.6","","","","","","","","","","16.3","","14","","","","11","","9.2","9.9","8.5","6.6","8","4.5","4.6","3.9","3.8","4.5","2.7","1.4","0.8","1.3","0.9","1.3","0.8","1.1","0.5","0.5","0.9","0.5","",
"Peru","PER","Poverty gap at $1.90 a day (2011 PPP) (%)","SI.POV.GAPS","","","","","","","","","","","","","","","","","","","","","","","","","","","","","","","","","","","","","","7.2","6.9","7.2","6","6.3","5.5","3.8","4.5","5.4","4.6","3.7","2.8","2.1","1.5","1.4","1.4","1.2","1","1","0.9","0.9","0.7","",
"Philippines","PHL","Poverty gap at $1.90 a day (2011 PPP) (%)","SI.POV.GAPS","","","","","","","","","","","","","","","","","","","","","","","","","","","","","","","","","","","","","","","","","3.1","","","3.1","","","3.4","","","2.4","","","2.3","","","1.2","","","","",
"Palau","PLW","Poverty gap at $1.90 a day (2011 PPP) (%)","SI.POV.GAPS","","","","","","","","","","","","","","","","","","","","","","","","","","","","","","","","","","","","","","","","","","","","","","","","","","","","","","","","","","","","",
"Papua New Guinea","PNG","Poverty gap at $1.90 a day (2011 PPP) (%)","SI.POV.GAPS","","","","","","","","","","","","","","","","","","","","","","","","","","","","","","","","","","","","","21.3","","","","","","","","","","","","","14.8","","","","","","","","","","",
"Poland","POL","Poverty gap at $1.90 a day (2011 PPP) (%)","SI.POV.GAPS","","","","","","","","","","","","","","","","","","","","","","","","","","0.1","0","0.1","","0.1","","","0.1","","","0.7","","","","0.3","","","","","1","0.4","0.3","0.3","0.1","0.1","0.1","0.1","0.1","0.2","0.1","0.2","0.1","0.2","","",
"Pre-demographic dividend","PRE","Poverty gap at $1.90 a day (2011 PPP) (%)","SI.POV.GAPS","","","","","","","","","","","","","","","","","","","","","","","","","","","","","","","","","","","","","","","","","","","","","","","","","","","","","","","","","","","","",
"Puerto Rico","PRI","Poverty gap at $1.90 a day (2011 PPP) (%)","SI.POV.GAPS","","","","","","","","","","","","","","","","","","","","","","","","","","","","","","","","","","","","","","","","","","","","","","","","","","","","","","","","","","","","",
"Korea, Dem. People’s Rep.","PRK","Poverty gap at $1.90 a day (2011 PPP) (%)","SI.POV.GAPS","","","","","","","","","","","","","","","","","","","","","","","","","","","","","","","","","","","","","","","","","","","","","","","","","","","","","","","","","","","","",
"Portugal","PRT","Poverty gap at $1.90 a day (2011 PPP) (%)","SI.POV.GAPS","","","","","","","","","","","","","","","","","","","","","","","","","","","","","","","","","","","","","","","","","","","","0.5","0.3","0.3","0","0.1","0.1","0.1","0.1","0.2","0.4","0.4","0.2","0.3","0.2","0.2","","",
"Paraguay","PRY","Poverty gap at $1.90 a day (2011 PPP) (%)","SI.POV.GAPS","","","","","","","","","","","","","","","","","","","","","","","","","","","","","","","0.3","","","","","5.3","","4.5","","4.1","","3.3","5","2.7","1.7","2","2.4","2.4","1.3","1.7","1.7","1.6","0.9","0.6","0.6","0.4","0.3","0.2","0.4","",
"West Bank and Gaza","PSE","Poverty gap at $1.90 a day (2011 PPP) (%)","SI.POV.GAPS","","","","","","","","","","","","","","","","","","","","","","","","","","","","","","","","","","","","","","","","","","","","","0.2","0.1","0.1","0.4","","0.1","0","0.1","","","","","0.2","","","",
"Pacific island small states","PSS","Poverty gap at $1.90 a day (2011 PPP) (%)","SI.POV.GAPS","","","","","","","","","","","","","","","","","","","","","","","","","","","","","","","","","","","","","","","","","","","","","","","","","","","","","","","","","","","","",
"Post-demographic dividend","PST","Poverty gap at $1.90 a day (2011 PPP) (%)","SI.POV.GAPS","","","","","","","","","","","","","","","","","","","","","","","","","","","","","","","","","","","","","","","","","","","","","","","","","","","","","","","","","","","","",
"French Polynesia","PYF","Poverty gap at $1.90 a day (2011 PPP) (%)","SI.POV.GAPS","","","","","","","","","","","","","","","","","","","","","","","","","","","","","","","","","","","","","","","","","","","","","","","","","","","","","","","","","","","","",
"Qatar","QAT","Poverty gap at $1.90 a day (2011 PPP) (%)","SI.POV.GAPS","","","","","","","","","","","","","","","","","","","","","","","","","","","","","","","","","","","","","","","","","","","","","","","","","","","","","","","","","","","","",
"Romania","ROU","Poverty gap at $1.90 a day (2011 PPP) (%)","SI.POV.GAPS","","","","","","","","","","","","","","","","","","","","","","","","","","","","","","0.3","","","0.3","","2.4","0.5","","0.6","","","","","","","","","2.9","1.9","1.5","1","1.6","2.2","2.4","2.5","2.8","1.9","1.2","1.4","","",
"Russian Federation","RUS","Poverty gap at $1.90 a day (2011 PPP) (%)","SI.POV.GAPS","","","","","","","","","","","","","","","","","","","","","","","","","","","","","","","","","","0.2","","","0.6","0.3","0.4","0.8","0.5","0.3","0.1","0.2","0.2","0.1","0.1","0","0","0","0","0","0","0","0","0","0","0","0","",
"Rwanda","RWA","Poverty gap at $1.90 a day (2011 PPP) (%)","SI.POV.GAPS","","","","","","","","","","","","","","","","","","","","","","","","","","","","","","","","","","","","","","","","","38.2","","","","","31.4","","","","","24.9","","","20.7","","","20.2","","","",
"South Asia","SAS","Poverty gap at $1.90 a day (2011 PPP) (%)","SI.POV.GAPS","","","","","","","","","","","","","","","","","","","","","","18.3","","","16.6","","","14.7","","","13.3","","","11.9","","","10.2","","","","","","9.4","","","7.8","","","6.5","","5.3","4","3.5","3","","","","","","",
"Saudi Arabia","SAU","Poverty gap at $1.90 a day (2011 PPP) (%)","SI.POV.GAPS","","","","","","","","","","","","","","","","","","","","","","","","","","","","","","","","","","","","","","","","","","","","","","","","","","","","","","","","","","","","",
"Sudan","SDN","Poverty gap at $1.90 a day (2011 PPP) (%)","SI.POV.GAPS","","","","","","","","","","","","","","","","","","","","","","","","","","","","","","","","","","","","","","","","","","","","","","","","","","4.4","","","","","2.9","","","","","",
"Senegal","SEN","Poverty gap at $1.90 a day (2011 PPP) (%)","SI.POV.GAPS","","","","","","","","","","","","","","","","","","","","","","","","","","","","","","","","36","","","20.9","","","","","","","16","","","","12.4","","","","","","12.8","","","","","","","","",
"Singapore","SGP","Poverty gap at $1.90 a day (2011 PPP) (%)","SI.POV.GAPS","","","","","","","","","","","","","","","","","","","","","","","","","","","","","","","","","","","","","","","","","","","","","","","","","","","","","","","","","","","","",
"Solomon Islands","SLB","Poverty gap at $1.90 a day (2011 PPP) (%)","SI.POV.GAPS","","","","","","","","","","","","","","","","","","","","","","","","","","","","","","","","","","","","","","","","","","","","","","17.3","","","","","","","","6.8","","","","","","",
"Sierra Leone","SLE","Poverty gap at $1.90 a day (2011 PPP) (%)","SI.POV.GAPS","","","","","","","","","","","","","","","","","","","","","","","","","","","","","","51.7","","","","","","","","","","","","","","31.3","","","","","","","","16.7","","","","","","","10.7","",
"El Salvador","SLV","Poverty gap at $1.90 a day (2011 PPP) (%)","SI.POV.GAPS","","","","","","","","","","","","","","","","","","","","","","","","","","","","","","10.9","","10.3","","","","5.4","5.8","","11.2","8.9","5.1","6","6.2","7.7","4.9","4","2","1.1","1.8","1.7","1.4","1.1","1","0.7","0.6","0.4","0.5","0.4","0.3","",
"San Marino","SMR","Poverty gap at $1.90 a day (2011 PPP) (%)","SI.POV.GAPS","","","","","","","","","","","","","","","","","","","","","","","","","","","","","","","","","","","","","","","","","","","","","","","","","","","","","","","","","","","","",
"Somalia","SOM","Poverty gap at $1.90 a day (2011 PPP) (%)","SI.POV.GAPS","","","","","","","","","","","","","","","","","","","","","","","","","","","","","","","","","","","","","","","","","","","","","","","","","","","","","","","","","","","","",
"Serbia","SRB","Poverty gap at $1.90 a day (2011 PPP) (%)","SI.POV.GAPS","","","","","","","","","","","","","","","","","","","","","","","","","","","","","","","","","","","","","","","","","","","","","","","","","","","","","3","3.4","4.4","4.1","4.3","3.4","","",
"Sub-Saharan Africa (excluding high income)","SSA","Poverty gap at $1.90 a day (2011 PPP) (%)","SI.POV.GAPS","","","","","","","","","","","","","","","","","","","","","","","","","","","","","","","","","","","","","","","","","","","","","","","","","","","","","","","","","","","","",
"South Sudan","SSD","Poverty gap at $1.90 a day (2011 PPP) (%)","SI.POV.GAPS","","","","","","","","","","","","","","","","","","","","","","","","","","","","","","","","","","","","","","","","","","","","","","","","","","18.9","","","","","","","","","","",
"Sub-Saharan Africa","SSF","Poverty gap at $1.90 a day (2011 PPP) (%)","SI.POV.GAPS","","","","","","","","","","","","","","","","","","","","","","","","","","","","","","","24.7","","","28","","","27.6","","","26.8","","","24.7","","","21.7","","","19.5","","18.6","17.8","17.2","16.6","","16.2","","","","",
"Small states","SST","Poverty gap at $1.90 a day (2011 PPP) (%)","SI.POV.GAPS","","","","","","","","","","","","","","","","","","","","","","","","","","","","","","","","","","","","","","","","","","","","","","","","","","","","","","","","","","","","",
"Sao Tome and Principe","STP","Poverty gap at $1.90 a day (2011 PPP) (%)","SI.POV.GAPS","","","","","","","","","","","","","","","","","","","","","","","","","","","","","","","","","","","","","","","","","7.8","","","","","","","","","","8.6","","","","","","","12.5","","",
"Suriname","SUR","Poverty gap at $1.90 a day (2011 PPP) (%)","SI.POV.GAPS","","","","","","","","","","","","","","","","","","","","","","","","","","","","","","","","","","","","","","","","16.5","","","","","","","","","","","","","","","","","","","","",
"Slovak Republic","SVK","Poverty gap at $1.90 a day (2011 PPP) (%)","SI.POV.GAPS","","","","","","","","","","","","","","","","","","","","","","","","","","","","","","","","","0","","","","0.7","","","","","","","","0","0.1","0.1","0.2","0.2","0.2","0.3","0.2","0.1","0.2","0.4","0.3","1.2","","","",
"Slovenia","SVN","Poverty gap at $1.90 a day (2011 PPP) (%)","SI.POV.GAPS","","","","","","","","","","","","","","","","","","","","","","","","","","","","0","","","","","","0","","","","0","","0","","","","","0","0.1","0","0","0","0","0","0","0","0","0","0","0","0","","",
"Sweden","SWE","Poverty gap at $1.90 a day (2011 PPP) (%)","SI.POV.GAPS","","","","","","","","6.9","","","","","","","","0.3","","","","","","0.2","","","","","","0","","","","","0","","","0.1","","","","","0","","","0.2","0.3","0.8","0.2","0.3","0.5","0.3","0.4","0.4","0.3","0.5","0.3","0.3","0.2","0.1","","",
"Eswatini","SWZ","Poverty gap at $1.90 a day (2011 PPP) (%)","SI.POV.GAPS","","","","","","","","","","","","","","","","","","","","","","","","","","","","","","","","","","","51","","","","","","17.5","","","","","","","","","16.6","","","","","","","9.5","","","",
"Sint Maarten (Dutch part)","SXM","Poverty gap at $1.90 a day (2011 PPP) (%)","SI.POV.GAPS","","","","","","","","","","","","","","","","","","","","","","","","","","","","","","","","","","","","","","","","","","","","","","","","","","","","","","","","","","","","",
"Seychelles","SYC","Poverty gap at $1.90 a day (2011 PPP) (%)","SI.POV.GAPS","","","","","","","","","","","","","","","","","","","","","","","","","","","","","","","","","","","","","","","","","","","","","","","","","","","","","","0.4","","","","","","",
"Syrian Arab Republic","SYR","Poverty gap at $1.90 a day (2011 PPP) (%)","SI.POV.GAPS","","","","","","","","","","","","","","","","","","","","","","","","","","","","","","","","","","","","","","","","","","","","","0.2","","","","","","","","","","","","","","","",
"Turks and Caicos Islands","TCA","Poverty gap at $1.90 a day (2011 PPP) (%)","SI.POV.GAPS","","","","","","","","","","","","","","","","","","","","","","","","","","","","","","","","","","","","","","","","","","","","","","","","","","","","","","","","","","","","",
"Chad","TCD","Poverty gap at $1.90 a day (2011 PPP) (%)","SI.POV.GAPS","","","","","","","","","","","","","","","","","","","","","","","","","","","","","","","","","","","","","","","","","","","","26.7","","","","","","","","15.3","","","","","","","","",
"East Asia & Pacific (IDA & IBRD countries)","TEA","Poverty gap at $1.90 a day (2011 PPP) (%)","SI.POV.GAPS","","","","","","","","","","","","","","","","","","","","","","","","","","","","","","","","","","","","","","","","","","","","","","","","","","","","","","","","","","","","",
"Europe & Central Asia (IDA & IBRD countries)","TEC","Poverty gap at $1.90 a day (2011 PPP) (%)","SI.POV.GAPS","","","","","","","","","","","","","","","","","","","","","","","","","","","","","","","","","","","","","","","","","","","","","","","","","","","","","","","","","","","","",
"Togo","TGO","Poverty gap at $1.90 a day (2011 PPP) (%)","SI.POV.GAPS","","","","","","","","","","","","","","","","","","","","","","","","","","","","","","","","","","","","","","","","","","","","","","","21.1","","","","","23.2","","","","20.1","","","","",
"Thailand","THA","Poverty gap at $1.90 a day (2011 PPP) (%)","SI.POV.GAPS","","","","","","","","","","","","","","","","","","","","","","5","","","","","","","2.6","","1.8","","1.1","","0.5","","0.3","","0.2","0.4","0.4","","0.2","","0.1","","0.1","0","0","0","0","0","0","0","0","0","0","0","0","",
"Tajikistan","TJK","Poverty gap at $1.90 a day (2011 PPP) (%)","SI.POV.GAPS","","","","","","","","","","","","","","","","","","","","","","","","","","","","","","","","","","","","","","","","17.5","","","","8.2","3.6","","","3.8","","0.9","","","","","","1","","","","",
"Turkmenistan","TKM","Poverty gap at $1.90 a day (2011 PPP) (%)","SI.POV.GAPS","","","","","","","","","","","","","","","","","","","","","","","","","","","","","","","","","","","","","","","19.4","","","","","","","","","","","","","","","","","","","","","",
"Latin America & the Caribbean (IDA & IBRD countries)","TLA","Poverty gap at $1.90 a day (2011 PPP) (%)","SI.POV.GAPS","","","","","","","","","","","","","","","","","","","","","","","","","","","","","","","","","","","","","","","","","","","","","","","","","","","","","","","","","","","","",
"Timor-Leste","TLS","Poverty gap at $1.90 a day (2011 PPP) (%)","SI.POV.GAPS","","","","","","","","","","","","","","","","","","","","","","","","","","","","","","","","","","","","","","","","","","14.5","","","","","","12.5","","","","","","","6.7","","","","","",
"Middle East & North Africa (IDA & IBRD countries)","TMN","Poverty gap at $1.90 a day (2011 PPP) (%)","SI.POV.GAPS","","","","","","","","","","","","","","","","","","","","","","","","","","","","","","","","","","","","","","","","","","","","","","","","","","","","","","","","","","","","",
"Tonga","TON","Poverty gap at $1.90 a day (2011 PPP) (%)","SI.POV.GAPS","","","","","","","","","","","","","","","","","","","","","","","","","","","","","","","","","","","","","","","","","","0.7","","","","","","","","0.3","","","","","","0.2","","","","",
"South Asia (IDA & IBRD)","TSA","Poverty gap at $1.90 a day (2011 PPP) (%)","SI.POV.GAPS","","","","","","","","","","","","","","","","","","","","","","","","","","","","","","","","","","","","","","","","","","","","","","","","","","","","","","","","","","","","",
"Sub-Saharan Africa (IDA & IBRD countries)","TSS","Poverty gap at $1.90 a day (2011 PPP) (%)","SI.POV.GAPS","","","","","","","","","","","","","","","","","","","","","","","","","","","","","","","","","","","","","","","","","","","","","","","","","","","","","","","","","","","","",
"Trinidad and Tobago","TTO","Poverty gap at $1.90 a day (2011 PPP) (%)","SI.POV.GAPS","","","","","","","","","","","","","","","","","","","","","","","","","","","","","0","","","","0.9","","","","","","","","","","","","","","","","","","","","","","","","","","","",
"Tunisia","TUN","Poverty gap at $1.90 a day (2011 PPP) (%)","SI.POV.GAPS","","","","","","","","","","","","","","","","","","","","","","","","","","3.8","","","","","2.7","","","","","2.8","","","","","1.2","","","","","0.7","","","","","0.4","","","","","0","","","","",
"Turkey","TUR","Poverty gap at $1.90 a day (2011 PPP) (%)","SI.POV.GAPS","","","","","","","","","","","","","","","","","","","","","","","","","","","","0.5","","","","","","","0.7","","","","","","","","0.3","0.9","0.3","0.5","0.3","0.2","0.2","0.1","0.1","0","0","0.1","0","0.1","0","0","0","",
"Tuvalu","TUV","Poverty gap at $1.90 a day (2011 PPP) (%)","SI.POV.GAPS","","","","","","","","","","","","","","","","","","","","","","","","","","","","","","","","","","","","","","","","","","","","","","","","","","","0.4","","","","","","","","","",
"Tanzania","TZA","Poverty gap at $1.90 a day (2011 PPP) (%)","SI.POV.GAPS","","","","","","","","","","","","","","","","","","","","","","","","","","","","","","","","30.6","","","","","","","","","46.1","","","","","","","23.3","","","","15.4","","","","","","15.7","","",
"Uganda","UGA","Poverty gap at $1.90 a day (2011 PPP) (%)","SI.POV.GAPS","","","","","","","","","","","","","","","","","","","","","","","","","","","","","","25.5","","","25.9","","","","24.5","","","28.3","","","26.5","","","21.2","","","","14.7","","","10.8","","","","13.2","","","",
"Ukraine","UKR","Poverty gap at $1.90 a day (2011 PPP) (%)","SI.POV.GAPS","","","","","","","","","","","","","","","","","","","","","","","","","","","","","","","","","0.7","0.3","","1.4","1.5","","","","","","0.3","0.1","0.1","0","0","0","0","0","0","0","0","0","0","0","0","0","0","",
"Upper middle income","UMC","Poverty gap at $1.90 a day (2011 PPP) (%)","SI.POV.GAPS","","","","","","","","","","","","","","","","","","","","","","25.5","","","17.7","","","13.3","","","14.8","","","12.8","","","8.7","","","8.7","","","6.7","","","3.6","","","2.8","","2","1.5","1.2","0.6","","0.5","","","0.5","",
"Uruguay","URY","Poverty gap at $1.90 a day (2011 PPP) (%)","SI.POV.GAPS","","","","","","","","","","","","","","","","","","","","","","","","","","","","","","","","","0.2","","","0.2","0.3","0.2","0.3","","0.1","0.1","0.1","0.2","0.2","0.1","0.1","0.1","0","0","0.1","0","0","0","0","0","0","0","0","",
"United States","USA","Poverty gap at $1.90 a day (2011 PPP) (%)","SI.POV.GAPS","","","","","","","","","","","","","","","0.4","","","","","0.4","","","","","","","0.4","","","","","0.3","","","0.4","","","0.6","","","0.6","","","","0.9","","","0.9","","","0.9","","","0.9","","","1","","","",
"Uzbekistan","UZB","Poverty gap at $1.90 a day (2011 PPP) (%)","SI.POV.GAPS","","","","","","","","","","","","","","","","","","","","","","","","","","","","","","","","","","","","","","","17.7","","23.1","","18.2","22.1","","","","","","","","","","","","","","","","",
"St. Vincent and the Grenadines","VCT","Poverty gap at $1.90 a day (2011 PPP) (%)","SI.POV.GAPS","","","","","","","","","","","","","","","","","","","","","","","","","","","","","","","","","","","","","","","","","","","","","","","","","","","","","","","","","","","","",
"Venezuela, RB","VEN","Poverty gap at $1.90 a day (2011 PPP) (%)","SI.POV.GAPS","","","","","","","","","","","","","","","","","","","","","","1","","","","","","0.9","","5.4","","","3","","","4.9","","","7.8","6","","6","10.3","13.1","11.9","13.3","7.1","","","","","","","","","","","","","",
"British Virgin Islands","VGB","Poverty gap at $1.90 a day (2011 PPP) (%)","SI.POV.GAPS","","","","","","","","","","","","","","","","","","","","","","","","","","","","","","","","","","","","","","","","","","","","","","","","","","","","","","","","","","","","",
"Virgin Islands (U.S.)","VIR","Poverty gap at $1.90 a day (2011 PPP) (%)","SI.POV.GAPS","","","","","","","","","","","","","","","","","","","","","","","","","","","","","","","","","","","","","","","","","","","","","","","","","","","","","","","","","","","","",
"Vietnam","VNM","Poverty gap at $1.90 a day (2011 PPP) (%)","SI.POV.GAPS","","","","","","","","","","","","","","","","","","","","","","","","","","","","","","","","","16.5","","","","","","8.8","","","","10.1","","6.9","","4.9","","3.5","","0.9","","0.5","","0.6","","0.4","","0.4","",
"Vanuatu","VUT","Poverty gap at $1.90 a day (2011 PPP) (%)","SI.POV.GAPS","","","","","","","","","","","","","","","","","","","","","","","","","","","","","","","","","","","","","","","","","","","","","","","","","","","3.3","","","","","","","","","",
"World","WLD","Poverty gap at $1.90 a day (2011 PPP) (%)","SI.POV.GAPS","","","","","","","","","","","","","","","","","","","","","","18","","","14.7","","","12.6","","","12.8","","","12","","","9.8","","","9.5","","","8.2","","","6.3","","","5.4","","4.6","4.1","3.8","3.3","","3.1","","","","",
"Samoa","WSM","Poverty gap at $1.90 a day (2011 PPP) (%)","SI.POV.GAPS","","","","","","","","","","","","","","","","","","","","","","","","","","","","","","","","","","","","","","","","","","","0.4","","","","","","0.1","","","","","0.1","","","","","","",
"Kosovo","XKX","Poverty gap at $1.90 a day (2011 PPP) (%)","SI.POV.GAPS","","","","","","","","","","","","","","","","","","","","","","","","","","","","","","","","","","","","","","","","","","","","0.1","","0.6","0.4","","","0.4","0.3","0.1","0.1","0.1","0.2","0.1","0.1","0.1","","",
"Yemen, Rep.","YEM","Poverty gap at $1.90 a day (2011 PPP) (%)","SI.POV.GAPS","","","","","","","","","","","","","","","","","","","","","","","","","","","","","","","","","","","","","","","1.6","","","","","","","1.8","","","","","","","","","4.5","","","","","",
"South Africa","ZAF","Poverty gap at $1.90 a day (2011 PPP) (%)","SI.POV.GAPS","","","","","","","","","","","","","","","","","","","","","","","","","","","","","","","","","","10.9","","","14.3","","","","13.2","","","","","8.4","","","4.8","","4.9","","","","6.2","","","","","",
"Zambia","ZMB","Poverty gap at $1.90 a day (2011 PPP) (%)","SI.POV.GAPS","","","","","","","","","","","","","","","","","","","","","","","","","","","","","","","","34.7","","27.7","","","15.9","","16.8","","","","17.5","","27.3","","30.1","","","","31.6","","","","","29.5","","","","",
"Zimbabwe","ZWE","Poverty gap at $1.90 a day (2011 PPP) (%)","SI.POV.GAPS","","","","","","","","","","","","","","","","","","","","","","","","","","","","","","","","","","","","","","","","","","","","","","","","","","","","5.2","","","","","","9.3","","",
