"","2017","2017","2017","2016","2016","2016","2015","2015","2015","2014","2014","2014","2013","2013","2013","2012","2012","2012","2011","2011","2011","2010","2010","2010","2009","2009","2009","2008","2008","2008","2007","2007","2007","2006","2006","2006","2005","2005","2005","2004","2004","2004","2003","2003","2003","2002","2002","2002","2001","2001","2001","2000","2000","2000"
""," Population using at least basic sanitation services (%)"," Population using at least basic sanitation services (%)"," Population using at least basic sanitation services (%)"," Population using at least basic sanitation services (%)"," Population using at least basic sanitation services (%)"," Population using at least basic sanitation services (%)"," Population using at least basic sanitation services (%)"," Population using at least basic sanitation services (%)"," Population using at least basic sanitation services (%)"," Population using at least basic sanitation services (%)"," Population using at least basic sanitation services (%)"," Population using at least basic sanitation services (%)"," Population using at least basic sanitation services (%)"," Population using at least basic sanitation services (%)"," Population using at least basic sanitation services (%)"," Population using at least basic sanitation services (%)"," Population using at least basic sanitation services (%)"," Population using at least basic sanitation services (%)"," Population using at least basic sanitation services (%)"," Population using at least basic sanitation services (%)"," Population using at least basic sanitation services (%)"," Population using at least basic sanitation services (%)"," Population using at least basic sanitation services (%)"," Population using at least basic sanitation services (%)"," Population using at least basic sanitation services (%)"," Population using at least basic sanitation services (%)"," Population using at least basic sanitation services (%)"," Population using at least basic sanitation services (%)"," Population using at least basic sanitation services (%)"," Population using at least basic sanitation services (%)"," Population using at least basic sanitation services (%)"," Population using at least basic sanitation services (%)"," Population using at least basic sanitation services (%)"," Population using at least basic sanitation services (%)"," Population using at least basic sanitation services (%)"," Population using at least basic sanitation services (%)"," Population using at least basic sanitation services (%)"," Population using at least basic sanitation services (%)"," Population using at least basic sanitation services (%)"," Population using at least basic sanitation services (%)"," Population using at least basic sanitation services (%)"," Population using at least basic sanitation services (%)"," Population using at least basic sanitation services (%)"," Population using at least basic sanitation services (%)"," Population using at least basic sanitation services (%)"," Population using at least basic sanitation services (%)"," Population using at least basic sanitation services (%)"," Population using at least basic sanitation services (%)"," Population using at least basic sanitation services (%)"," Population using at least basic sanitation services (%)"," Population using at least basic sanitation services (%)"," Population using at least basic sanitation services (%)"," Population using at least basic sanitation services (%)"," Population using at least basic sanitation services (%)"
"Country"," Total"," Urban"," Rural"," Total"," Urban"," Rural"," Total"," Urban"," Rural"," Total"," Urban"," Rural"," Total"," Urban"," Rural"," Total"," Urban"," Rural"," Total"," Urban"," Rural"," Total"," Urban"," Rural"," Total"," Urban"," Rural"," Total"," Urban"," Rural"," Total"," Urban"," Rural"," Total"," Urban"," Rural"," Total"," Urban"," Rural"," Total"," Urban"," Rural"," Total"," Urban"," Rural"," Total"," Urban"," Rural"," Total"," Urban"," Rural"," Total"," Urban"," Rural"
"Afghanistan","43","62","37","42","60","36","41","58","35","39","55","34","38","53","33","37","51","32","35","49","31","34","46","30","33","44","29","32","42","28","30","40","27","29","38","27","28","36","26","27","35","25","26","33","24","25","31","23","24","30","22","24","30","22"
"Albania","98","98","97","98","98","97","98","98","97","98","98","97","97","98","96","97","98","95","96","98","94","96","98","93","95","98","92","94","98","91","94","98","90","93","98","89","92","97","88","91","97","86","91","97","85","90","97","84","89","97","83","88","97","82"
"Algeria","88","90","82","88","90","82","87","90","82","87","90","82","87","90","81","87","90","80","87","90","80","87","90","79","86","90","78","86","90","78","86","91","77","86","91","76","85","91","76","85","91","75","85","91","74","84","91","74","84","91","73","84","91","72"
"Andorra","100","100","100","100","100","100","100","100","100","100","100","100","100","100","100","100","100","100","100","100","100","100","100","100","100","100","100","100","100","100","100","100","100","100","100","100","100","100","100","100","100","100","100","100","100","100","100","100","100","100","100","100","100","100"
"Angola","50","64","23","49","63","22","47","62","21","46","61","20","45","60","20","44","59","19","42","58","18","41","57","17","40","56","16","39","55","15","37","54","14","36","53","13","35","52","12","33","51","11","32","50","10","30","49","9","29","49","8","28","48","8"
"Antigua and Barbuda","88","","","88","","","88","","","88","","","88","","","87","","","87","","","86","","","86","","","86","","","85","","","85","","","84","","","84","","","84","","","83","","","83","","","82","",""
"Argentina","","96","","94","96","77","94","96","77","94","96","77","94","96","77","94","95","77","93","95","76","93","94","75","92","94","75","91","93","74","91","93","73","90","92","73","90","92","72","89","91","71","89","91","71","88","90","70","88","90","69","87","89","69"
"Armenia","94","100","83","93","100","83","93","99","82","93","99","82","92","98","82","92","98","81","91","97","81","91","97","81","91","96","80","90","96","80","90","96","80","89","95","79","89","95","79","88","94","78","88","94","78","88","93","78","87","93","77","87","92","77"
"Australia","100","","","100","","","100","","","100","","","100","","","100","","","100","","","100","","","100","","","100","","","100","","","100","","","100","","","100","","","100","","","100","","","100","","","100","",""
"Austria","100","100","100","100","100","100","100","100","100","100","100","100","100","100","100","100","100","100","100","100","100","100","100","100","100","100","100","100","100","100","100","100","100","100","100","100","100","100","100","100","100","100","100","100","100","100","100","100","100","100","100","100","100","100"
"Azerbaijan","93","96","88","92","96","88","92","96","88","91","96","85","89","95","83","87","92","81","85","90","78","83","88","76","80","86","73","78","84","71","76","82","69","74","80","66","72","79","64","69","77","62","68","76","59","66","75","57","65","74","55","63","73","53"
"Bahamas","95","","","95","","","95","","","95","","","94","","","94","","","93","","","93","","","92","","","92","","","91","","","91","","","90","","","90","","","89","","","89","","","88","","","88","",""
"Bahrain","100","","","100","","","100","","","100","","","100","","","100","","","100","","","100","","","100","","","100","","","100","","","100","","","100","","","100","","","100","","","100","","","100","","","100","",""
"Bangladesh","48","51","47","47","50","45","46","50","44","44","50","42","43","49","40","42","49","38","41","49","37","39","49","35","38","48","33","37","48","32","35","48","30","34","48","29","32","47","27","31","47","25","30","46","24","28","45","23","27","45","21","26","44","20"
"Barbados","97","","","97","","","96","","","96","","","95","","","95","","","94","","","94","","","93","","","93","","","92","","","92","","","91","","","91","","","90","","","90","","","89","","","89","",""
"Belarus","98","98","96","98","98","96","98","98","96","98","98","96","97","97","96","97","97","96","96","96","96","95","95","96","95","94","96","94","94","96","94","93","96","93","92","96","93","91","96","92","91","96","92","90","96","92","90","96","92","90","96","92","90","96"
"Belgium","99","99","99","99","99","99","99","99","99","99","99","99","99","99","99","99","99","99","99","99","99","99","99","99","99","99","99","99","99","99","99","99","99","99","99","99","99","99","99","99","99","99","99","99","99","99","99","99","99","99","99","99","99","99"
"Belize","88","93","83","88","93","83","87","92","83","87","92","83","87","91","83","86","91","83","86","90","83","86","90","82","85","89","82","85","89","82","85","88","82","84","88","82","84","87","82","84","87","81","83","86","81","83","86","81","83","86","80","82","85","80"
"Benin","16","27","8","16","27","8","16","26","7","16","26","7","15","25","7","15","25","6","14","24","6","13","24","5","13","23","5","12","23","5","12","22","4","11","22","4","11","21","4","10","21","3","10","20","3","9","20","3","9","19","2","9","19","2"
"Bhutan","69","73","67","68","73","65","67","73","64","66","73","62","65","73","61","64","73","59","63","73","57","62","73","56","61","73","54","60","73","53","58","74","51","57","74","49","56","74","48","54","74","46","53","74","45","52","74","43","50","74","41","50","74","41"
"Bolivia (Plurinational State of)","61","72","36","59","70","35","57","68","33","55","66","32","53","64","30","51","62","29","50","60","28","48","59","26","46","57","25","44","55","24","43","53","23","41","52","21","40","51","20","39","50","19","38","49","18","37","48","17","36","47","16","35","47","15"
"Bosnia and Herzegovina","95","99","92","95","99","92","95","99","92","95","99","92","95","99","92","95","99","92","95","99","92","95","99","92","95","99","92","95","99","92","95","99","92","95","99","92","95","99","92","95","99","92","95","99","92","95","99","92","95","99","93","95","98","93"
"Botswana","77","89","51","76","88","50","75","87","49","73","86","48","72","85","47","70","84","45","69","82","44","67","81","43","65","80","42","63","79","41","62","77","40","60","76","39","59","75","38","57","74","37","56","72","36","55","71","35","53","70","34","52","69","33"
"Brazil","88","93","60","87","92","59","87","91","57","86","91","56","85","90","54","84","89","53","83","89","52","82","88","50","81","87","49","80","87","47","79","86","46","78","85","45","78","85","43","77","84","42","76","83","40","75","83","39","74","82","37","73","81","36"
"Brunei Darussalam","","","","","","","96","","","96","","","96","","","96","","","96","","","96","","","96","","","96","","","96","","","","","","","","","","","","","","","","","","","","","","",""
"Bulgaria","86","87","84","86","87","84","86","87","84","86","87","84","86","87","84","86","87","84","86","87","84","86","87","84","86","87","84","86","87","84","86","87","84","86","87","84","86","87","84","86","87","84","86","87","84","86","87","84","86","87","84","86","87","84"
"Burkina Faso","19","39","11","19","40","11","19","41","10","19","42","10","18","42","10","18","43","9","17","44","9","17","44","8","17","45","7","16","46","7","16","46","6","15","47","6","14","48","5","14","48","5","13","49","4","12","50","3","12","50","3","11","50","3"
"Burundi","46","42","46","46","42","46","46","42","46","46","42","46","46","42","46","46","42","46","46","43","46","46","43","46","46","43","46","46","43","46","46","43","46","46","43","46","46","43","46","46","43","46","46","43","46","46","42","46","45","41","46","45","41","46"
"Cabo Verde","74","80","62","72","79","60","70","77","58","69","76","56","67","75","53","65","73","51","63","72","48","61","70","46","59","69","44","57","67","41","55","66","39","53","64","37","51","63","34","49","61","32","46","60","29","44","58","27","42","57","25","40","56","22"
"Cambodia","59","96","48","57","94","46","53","91","43","50","88","40","47","85","37","44","82","34","41","78","31","38","75","28","35","72","25","32","69","23","29","66","20","26","63","17","23","60","15","21","58","12","18","55","9","15","52","7","13","49","4","10","46","2"
"Cameroon","39","56","18","39","56","18","39","56","18","39","56","19","39","56","19","39","56","20","39","56","21","39","56","21","39","56","22","39","56","22","39","56","23","39","56","24","39","56","24","40","56","25","40","56","25","40","55","26","40","56","27","40","56","27"
"Canada","99","99","99","99","99","99","99","99","99","99","100","99","99","100","99","99","100","99","100","100","99","100","100","99","100","100","99","100","100","99","100","100","99","100","100","99","100","100","99","100","100","99","100","100","99","100","100","99","100","100","99","100","100","99"
"Central African Republic","","","","25","49","9","25","49","9","25","49","9","25","49","9","25","49","9","24","47","9","23","45","9","22","43","9","21","41","9","21","39","9","20","38","9","19","36","9","18","34","9","17","32","9","17","30","8","16","28","8","15","26","8"
"Chad","8","30","2","9","30","2","9","31","3","9","31","3","9","31","3","10","31","4","10","31","4","10","31","5","11","31","5","11","31","5","11","30","6","11","30","6","11","29","6","11","28","7","11","28","7","11","27","7","11","26","7","12","26","8"
"Chile","100","100","100","100","100","100","100","100","99","99","100","96","99","99","94","98","99","92","98","99","90","97","99","88","97","98","86","96","98","84","96","98","82","95","98","80","95","97","78","94","97","76","94","97","74","93","97","72","93","96","70","92","96","68"
"China","85","91","76","83","90","74","82","89","72","80","88","70","78","88","68","77","87","66","75","86","64","74","85","62","72","85","60","70","84","58","68","83","56","67","82","54","65","81","52","63","81","50","61","80","48","59","79","46","57","78","44","56","77","44"
"Colombia","90","93","76","89","92","75","88","91","73","87","90","71","85","90","70","84","89","68","83","88","66","82","87","65","81","86","63","80","86","62","79","85","60","78","84","59","77","83","57","76","82","55","75","82","54","74","81","52","73","80","51","72","79","49"
"Comoros","36","45","32","36","45","32","36","45","32","35","44","31","35","45","31","35","45","31","35","45","30","34","45","30","34","46","30","34","46","29","33","46","29","33","46","28","33","46","28","32","46","27","32","46","26","31","45","26","30","45","25","29","44","23"
"Congo","20","27","6","20","26","6","19","26","6","18","25","6","18","24","6","17","23","6","17","23","6","16","22","6","16","21","6","15","21","6","15","20","6","14","19","6","14","18","6","13","18","6","13","17","6","12","17","6","12","16","6","12","16","6"
"Cook Islands","98","","","98","","","98","","","98","","","98","","","97","","","97","","","96","","","96","","","96","","","95","","","95","","","94","","","94","","","93","","","93","","","93","","","92","",""
"Costa Rica","98","98","96","98","98","95","97","98","95","97","98","94","97","98","93","96","98","93","96","97","92","96","97","92","95","97","91","95","97","91","95","97","90","95","97","90","94","97","90","94","97","90","94","97","89","94","97","89","94","97","89","93","97","89"
"CÃ´te d'Ivoire","32","46","18","31","46","17","31","45","16","30","45","16","29","44","15","28","44","14","28","43","13","27","43","13","26","42","12","25","42","11","25","41","11","24","41","10","23","40","9","23","40","9","22","40","8","22","39","8","21","39","8","21","39","7"
"Croatia","97","98","95","97","98","95","96","98","95","96","98","95","96","98","95","96","98","95","96","98","95","96","98","95","96","98","95","96","98","95","96","98","95","96","98","95","96","98","95","96","98","95","96","98","95","96","98","95","96","98","95","96","98","95"
"Cuba","93","92","95","93","92","95","92","92","93","92","92","92","92","92","90","91","92","88","91","92","87","90","92","85","90","92","83","89","92","82","89","92","80","88","91","79","88","91","77","88","91","75","87","91","75","87","91","74","87","91","74","87","92","73"
"Cyprus","99","100","98","99","100","99","99","100","99","99","100","99","99","100","99","99","100","99","99","100","99","100","100","99","100","100","99","100","100","99","100","100","100","100","100","100","100","100","100","100","100","100","100","100","100","100","100","100","100","100","100","100","100","100"
"Czechia","99","99","99","99","99","99","99","99","99","99","99","99","99","99","99","99","99","99","99","99","99","99","99","99","99","99","99","99","99","99","99","99","99","99","99","99","99","99","99","99","99","99","99","99","99","99","99","99","99","99","99","99","99","99"
"Democratic People's Republic of Korea","83","90","72","82","89","72","82","88","71","81","87","71","80","86","70","79","86","70","79","85","70","78","84","69","77","83","69","77","82","68","76","81","68","75","81","67","75","81","67","75","81","67","75","81","67","75","81","67","","","","","",""
"Democratic Republic of the Congo","20","23","18","20","23","18","20","23","18","20","23","18","20","23","19","20","23","19","20","23","19","21","23","19","21","23","19","21","23","19","21","23","19","21","23","19","21","23","19","21","23","19","21","23","20","21","23","20","21","23","20","21","23","20"
"Denmark","100","100","100","100","100","100","100","100","100","100","100","100","100","100","100","100","100","100","100","100","100","100","100","100","100","100","100","100","100","100","100","100","100","100","100","100","100","100","100","100","100","100","100","100","100","100","100","100","100","100","100","100","100","100"
"Djibouti","64","76","19","62","75","19","61","74","18","60","72","18","59","71","17","57","69","17","56","68","16","55","67","15","54","65","15","52","64","14","51","62","14","50","61","13","49","59","13","47","58","12","47","58","12","47","58","12","47","58","12","47","58","12"
"Dominica","","","","","","","78","","","78","","","78","","","78","","","78","","","77","","","75","","","74","","","73","","","72","","","70","","","69","","","68","","","67","","","65","","","64","",""
"Dominican Republic","84","86","74","84","86","73","83","86","73","83","86","73","82","85","73","82","85","73","82","85","73","81","85","73","81","84","73","81","84","72","80","84","72","80","83","72","79","83","72","79","83","72","79","83","72","78","82","72","78","82","71","78","82","71"
"Ecuador","88","91","83","87","91","81","86","90","80","85","89","78","84","88","76","83","88","75","82","87","73","81","86","71","79","85","69","78","85","68","77","84","66","76","83","64","75","83","63","74","82","61","73","81","59","72","81","57","71","81","56","70","80","54"
"Egypt","94","98","91","94","98","91","94","98","91","94","98","91","94","98","91","94","97","91","94","97","91","93","97","91","93","97","91","93","97","91","93","96","91","93","96","90","93","96","90","93","96","90","93","96","90","92","95","90","92","95","90","92","95","90"
"El Salvador","87","91","79","87","91","78","87","91","78","87","91","78","87","91","78","86","91","77","86","91","77","86","90","77","85","90","77","85","90","76","85","90","76","85","90","76","84","90","75","84","90","75","84","90","74","83","90","74","83","90","74","83","90","74"
"Equatorial Guinea","66","70","57","66","70","57","66","70","57","66","70","57","66","70","57","65","69","56","65","69","55","64","69","55","63","68","54","62","68","53","61","67","52","60","67","51","60","67","50","59","66","49","58","66","48","57","65","47","56","65","46","55","64","46"
"Eritrea","","","","12","22","6","12","22","6","12","22","6","12","22","6","12","22","6","11","22","5","11","23","5","11","23","5","11","24","4","11","24","4","10","25","3","10","25","3","10","26","3","9","26","2","9","26","2","9","27","2","8","27","1"
"Estonia","99","99","99","99","99","99","99","99","99","99","99","99","99","99","99","99","99","99","99","99","99","99","99","99","99","99","99","99","99","99","99","100","99","100","100","99","100","100","99","100","100","99","100","100","99","100","100","99","100","100","99","100","100","99"
"Eswatini","58","51","61","58","51","61","58","52","60","57","53","59","57","54","58","56","56","57","56","57","56","55","58","55","55","59","54","54","60","53","54","61","52","53","62","51","53","64","50","52","65","49","52","66","48","51","67","47","51","68","46","50","68","45"
"Ethiopia","7","20","4","7","19","4","7","19","4","7","19","4","6","19","4","6","19","3","6","18","3","6","18","3","5","18","3","5","18","3","5","17","3","5","17","2","5","17","2","4","17","2","4","17","2","4","16","2","4","16","1","3","16","1"
"Fiji","95","95","95","95","95","95","95","95","94","93","95","92","92","94","90","91","94","88","90","94","86","89","93","85","88","93","83","87","92","81","86","92","79","84","92","77","83","91","75","82","91","73","81","91","72","80","90","70","80","90","70","80","90","70"
"Finland","99","99","99","99","99","99","99","99","99","99","99","99","99","99","99","99","99","99","99","99","99","99","99","99","99","99","99","99","99","99","99","99","99","99","99","99","99","99","99","99","99","99","99","99","99","99","99","99","99","99","99","99","99","99"
"France","99","99","99","99","99","99","99","99","99","99","99","99","99","99","99","99","99","99","99","99","99","99","99","99","99","99","99","99","99","99","99","99","99","99","99","99","99","99","99","99","99","99","99","99","99","99","99","99","99","99","99","99","99","99"
"Gabon","47","49","37","47","49","37","47","49","37","47","48","38","46","48","37","45","47","37","44","46","36","43","45","36","42","44","35","42","43","35","41","42","34","40","41","34","39","40","33","38","39","33","37","38","32","36","37","32","35","36","31","34","36","31"
"Gambia","39","45","30","39","45","30","39","45","30","40","46","32","41","46","34","42","46","36","43","47","38","44","47","41","45","47","43","46","48","45","48","48","48","49","48","50","50","48","53","52","49","55","53","49","58","55","50","60","56","50","62","58","51","64"
"Georgia","90","95","83","90","95","84","90","95","84","91","95","85","91","95","86","91","95","87","91","95","87","92","95","88","92","94","89","92","94","90","93","94","91","93","94","91","93","94","92","93","94","93","94","94","94","94","94","95","95","94","95","95","94","96"
"Germany","99","99","99","99","99","99","99","99","99","99","99","99","99","99","99","99","99","99","99","99","99","99","99","99","99","99","99","99","99","99","99","99","99","99","99","99","99","99","99","99","99","99","99","99","99","99","99","99","99","99","99","99","99","99"
"Ghana","18","24","12","18","23","11","17","22","11","16","22","10","16","21","10","15","21","9","15","20","9","14","19","8","13","19","8","13","18","7","12","18","7","12","17","6","11","16","6","10","16","6","10","15","5","9","15","5","9","14","4","9","14","4"
"Greece","99","99","98","99","99","98","99","99","98","99","99","98","99","99","98","99","99","98","99","99","97","98","99","97","98","99","97","98","99","97","98","99","96","98","99","96","98","99","95","98","99","95","98","99","95","98","99","95","97","99","95","97","98","94"
"Grenada","91","","","91","","","91","","","91","","","91","","","92","","","92","","","92","","","92","","","92","","","92","","","91","","","91","","","91","","","91","","","90","","","90","","","90","",""
"Guatemala","65","79","51","65","79","50","65","80","50","65","80","50","65","80","50","65","80","50","65","80","50","65","80","50","65","80","50","64","80","50","64","81","50","64","81","49","64","81","49","64","81","49","64","81","49","64","81","49","63","81","48","63","82","48"
"Guinea","23","34","17","22","33","16","21","32","15","20","32","14","19","31","13","19","31","13","18","30","12","17","30","11","17","29","10","16","29","9","15","28","9","14","28","8","13","27","7","13","27","6","12","26","5","11","25","5","10","24","4","9","24","3"
"Guinea-Bissau","21","37","8","20","37","8","20","36","8","19","35","8","19","34","8","18","33","7","17","33","7","17","32","7","16","31","7","16","30","7","15","29","6","15","29","6","14","28","6","14","27","6","13","26","5","13","26","5","12","25","5","12","25","4"
"Guyana","86","92","84","86","92","84","85","91","83","85","91","83","85","90","83","84","90","82","84","89","82","83","89","81","83","88","81","82","88","81","82","87","80","82","87","80","81","86","79","81","86","79","80","85","79","80","85","78","79","85","77","79","84","77"
"Haiti","35","44","24","34","43","23","33","42","22","31","41","22","30","40","21","29","39","20","28","38","19","27","37","18","26","36","18","25","35","17","24","34","16","23","33","15","22","32","15","21","31","14","20","30","13","19","29","12","18","29","11","17","28","11"
"Honduras","81","85","76","80","85","74","79","84","73","78","84","72","77","83","70","76","83","69","75","82","67","74","81","66","73","81","65","72","80","63","71","80","62","70","79","60","69","79","59","67","78","58","66","77","56","65","77","55","64","76","53","63","76","52"
"Hungary","98","98","99","98","98","99","98","98","99","98","98","99","98","98","99","98","98","99","98","98","99","98","98","99","98","98","99","98","98","99","98","98","99","98","98","99","98","98","99","98","98","99","98","98","99","98","98","99","98","98","99","98","98","99"
"Iceland","99","99","100","99","99","100","99","99","100","99","99","100","99","99","100","99","99","100","99","99","100","99","99","100","99","99","100","99","99","100","99","99","100","99","99","100","99","99","100","99","99","100","99","99","100","99","99","100","99","99","100","99","99","100"
"India","60","72","53","57","71","50","54","69","47","52","68","44","49","67","41","47","65","38","44","64","35","41","62","32","39","61","29","36","60","26","34","58","23","31","57","20","29","56","18","26","54","15","24","53","12","21","52","9","19","50","6","16","49","4"
"Indonesia","73","80","65","71","79","62","69","78","59","67","77","57","66","76","54","64","75","52","62","74","50","60","73","47","58","72","45","56","71","43","54","70","40","52","69","38","51","68","36","49","67","34","47","66","32","45","65","30","43","64","27","41","63","25"
"Iran (Islamic Republic of)","88","92","79","88","92","79","88","92","79","88","92","79","88","92","79","88","92","79","88","92","79","88","92","79","88","92","79","88","92","79","88","92","79","88","92","79","88","92","79","88","92","79","88","92","79","87","92","79","87","92","79","87","92","79"
"Iraq","94","97","88","92","95","86","91","94","84","89","92","81","87","91","79","86","90","77","84","88","75","82","87","73","81","85","71","79","84","69","78","83","67","76","81","65","74","80","63","73","78","61","72","78","60","72","78","58","71","78","57","71","78","56"
"Ireland","91","89","94","91","89","94","91","89","94","91","89","94","91","89","94","91","89","94","91","89","93","91","89","93","90","89","93","90","89","93","90","89","93","90","89","93","90","88","92","90","88","92","90","88","92","90","88","92","90","88","92","90","88","92"
"Israel","100","100","100","100","100","100","100","100","100","100","100","100","100","100","100","100","100","100","100","100","100","100","100","100","100","100","100","100","100","100","100","100","100","100","100","100","100","100","100","100","100","100","100","100","100","100","100","100","100","100","100","100","100","100"
"Italy","99","99","99","99","99","99","99","99","99","99","99","99","99","99","99","99","99","99","99","99","99","99","99","99","99","99","99","99","99","99","99","99","99","99","99","99","","","","","","","","","","","","","","","","","",""
"Jamaica","87","86","90","87","86","90","87","85","89","87","85","88","86","85","88","86","84","87","85","84","87","85","84","86","85","84","86","84","83","85","84","83","85","84","83","84","83","83","84","83","82","83","82","82","83","82","82","82","82","82","82","82","82","82"
"Japan","100","","","100","","","100","","","100","","","100","","","100","","","100","","","100","","","100","","","100","","","100","","","100","","","100","","","100","","","100","","","100","","","100","","","100","",""
"Jordan","97","97","96","97","98","96","98","98","97","98","98","97","98","98","97","98","98","97","98","98","97","98","98","97","98","98","97","98","98","97","98","98","97","98","98","97","98","98","98","98","98","98","98","99","98","98","99","98","98","99","98","98","99","98"
"Kazakhstan","98","97","99","98","97","99","98","97","99","98","97","99","98","97","98","98","97","98","97","97","98","97","97","98","97","97","98","97","97","98","97","97","98","97","97","98","97","97","97","97","97","97","97","97","97","97","97","97","97","97","97","97","97","97"
"Kenya","29","35","27","29","35","27","30","35","28","30","35","28","30","35","28","30","35","29","31","35","29","31","35","30","31","35","30","31","35","30","32","35","31","32","36","31","32","36","31","33","36","32","33","36","32","33","36","32","33","36","33","34","36","33"
"Kiribati","48","","","47","","","45","","","44","","","43","","","42","","","40","","","39","","","38","","","36","","","35","","","33","","","32","","","30","","","28","","","27","","","25","","","24","",""
"Kuwait","100","","","100","","","100","","","100","","","100","","","100","","","100","","","100","","","100","","","100","","","100","","","100","","","100","","","100","","","100","","","100","","","100","","","100","",""
"Kyrgyzstan","97","92","99","97","92","99","97","92","99","97","92","99","96","92","99","96","93","98","96","93","97","95","93","97","95","93","96","95","93","96","94","94","95","94","94","94","94","94","94","94","94","93","93","94","93","93","94","92","92","94","92","92","94","92"
"Lao People's Democratic Republic","74","95","64","72","94","61","69","92","58","67","90","56","64","88","53","62","87","50","59","85","48","56","83","45","54","82","42","51","80","40","49","78","37","46","76","34","43","75","31","40","73","29","37","72","26","34","70","23","31","69","20","28","67","17"
"Latvia","92","96","83","92","96","83","91","96","82","91","96","81","91","96","81","91","96","80","91","96","79","90","96","79","90","96","78","90","96","77","90","96","77","90","96","76","89","96","75","89","96","75","89","96","74","89","96","73","88","96","73","88","96","73"
"Lebanon","98","","","97","","","95","","","94","","","92","","","91","","","89","","","88","","","86","","","84","","","83","","","81","","","80","","","78","","","77","","","75","","","75","","","75","",""
"Lesotho","43","43","43","41","41","41","39","40","39","37","39","37","36","38","35","34","37","33","32","36","31","30","35","28","28","33","26","26","32","24","24","31","22","22","30","20","20","28","18","18","27","15","16","26","13","14","24","11","11","23","8","9","21","6"
"Liberia","17","28","6","17","28","6","17","28","6","17","28","6","16","28","5","16","28","5","16","28","5","16","28","5","16","28","5","16","28","5","15","28","5","15","28","5","15","27","5","15","27","4","14","27","4","14","26","4","14","26","4","14","25","4"
"Libya","100","","","100","","","100","","","100","","","100","","","99","","","99","","","99","","","99","","","99","","","99","","","98","","","98","","","98","","","98","","","98","","","98","","","97","",""
"Lithuania","93","97","85","93","97","84","92","97","83","92","97","82","91","96","81","91","96","80","90","96","79","90","96","77","89","95","76","89","95","75","88","95","74","87","95","73","87","94","72","86","94","71","86","94","70","85","94","69","85","93","68","84","93","66"
"Luxembourg","98","97","99","98","97","99","98","97","99","98","97","99","98","97","99","98","97","99","98","97","99","98","97","99","98","97","99","98","97","99","98","97","99","98","97","99","98","97","99","98","97","99","98","98","99","98","98","99","98","98","99","98","98","99"
"Madagascar","11","18","6","10","17","6","10","17","6","9","16","6","9","16","6","9","15","5","8","15","5","8","14","5","8","14","5","7","13","5","7","13","4","6","12","4","6","12","4","6","11","4","5","11","3","5","10","3","5","10","3","5","9","3"
"Malawi","26","34","25","26","34","24","26","34","24","25","34","24","25","34","23","25","33","23","24","33","23","24","33","22","24","33","22","23","33","22","23","33","21","23","33","21","22","33","21","22","32","20","22","32","20","21","32","20","21","32","19","21","32","19"
"Malaysia","100","100","99","100","100","99","100","100","99","100","100","99","99","100","98","99","100","98","99","100","98","99","99","97","99","99","97","98","99","97","98","99","97","98","99","96","98","99","96","98","99","96","97","99","95","97","99","95","97","98","95","97","98","94"
"Maldives","99","99","99","99","99","99","99","99","99","98","99","97","96","98","95","94","98","93","93","97","90","91","96","88","89","96","86","88","95","84","86","95","81","85","95","79","83","94","77","81","94","75","79","93","73","78","93","71","76","93","69","74","92","67"
"Mali","39","53","29","38","52","28","36","51","26","35","50","25","33","48","24","32","47","22","30","46","21","29","45","20","27","44","18","26","43","17","25","41","16","23","40","15","22","39","14","21","38","13","20","37","12","18","36","11","17","35","10","16","34","9"
"Malta","100","100","100","100","100","100","100","100","100","100","100","100","100","100","100","100","100","100","100","100","100","100","100","100","100","100","100","100","100","100","100","100","100","100","100","100","100","100","100","100","100","100","100","100","100","100","100","100","100","100","100","100","100","100"
"Marshall Islands","83","91","59","83","91","59","83","91","59","83","91","59","82","90","59","82","90","59","82","90","59","82","90","59","81","90","59","81","90","59","81","89","59","81","89","59","80","89","59","80","89","59","80","89","59","80","89","59","80","89","59","","",""
"Mauritania","48","75","19","46","72","18","43","68","17","41","65","17","39","62","16","37","60","15","35","57","14","32","54","14","30","51","13","29","49","12","27","46","12","25","44","11","23","41","10","22","40","10","21","38","9","20","37","8","18","36","8","17","34","7"
"Mauritius","96","96","95","96","96","95","96","96","95","96","96","95","96","96","95","95","96","95","95","95","94","94","95","94","94","95","93","93","95","93","93","94","92","93","94","92","92","94","91","92","93","91","91","93","90","91","93","89","90","93","89","90","92","88"
"Mexico","91","93","82","90","93","81","89","92","79","89","91","77","88","91","76","87","90","74","86","90","72","85","89","71","84","88","69","83","88","67","82","87","65","81","86","64","80","86","62","79","85","60","78","85","58","77","84","56","76","83","54","75","83","53"
"Micronesia (Federated States of)","88","","","88","","","88","","","84","","","80","","","76","","","71","","","67","","","63","","","59","","","54","","","50","","","46","","","42","","","37","","","33","","","29","","","25","",""
"Monaco","100","100","","100","100","","100","100","","100","100","","100","100","","100","100","","100","100","","100","100","","100","100","","100","100","","100","100","","100","100","","100","100","","100","100","","100","100","","100","100","","100","100","","100","100",""
"Mongolia","58","66","42","58","66","42","58","66","40","58","66","39","57","66","38","57","66","37","56","66","36","56","65","35","55","65","34","54","65","33","53","65","32","52","65","31","52","65","30","51","64","29","50","64","28","49","64","28","49","64","27","48","64","26"
"Montenegro","98","100","94","98","100","94","98","100","94","97","99","93","96","98","93","95","97","92","95","96","91","94","96","90","93","95","90","92","94","89","91","93","88","90","92","87","","","","","","","","","","","","","","","","","",""
"Morocco","89","94","79","88","94","79","88","94","77","87","94","75","86","94","74","84","93","71","83","92","69","81","91","67","80","90","65","78","89","63","76","89","61","75","88","59","73","87","57","72","86","55","70","85","52","68","84","50","67","83","48","66","83","46"
"Mozambique","29","52","17","28","51","16","27","50","15","26","49","14","24","47","13","23","46","12","22","45","11","21","44","10","20","43","9","19","41","8","17","40","8","16","39","7","15","38","6","14","36","5","13","35","4","12","34","3","11","33","3","10","32","2"
"Myanmar","64","76","59","65","76","60","65","77","60","65","77","61","66","78","61","66","78","61","67","78","62","67","79","62","67","79","63","68","79","63","68","80","64","69","80","64","69","81","64","69","81","65","70","81","65","70","82","66","70","82","66","71","82","67"
"Namibia","35","51","18","34","52","18","34","52","18","34","53","17","33","53","17","33","54","17","33","54","16","32","55","16","32","55","16","31","55","16","31","56","15","31","56","15","30","57","15","30","57","14","29","58","14","29","58","14","28","59","14","28","59","13"
"Nauru","66","66","","66","66","","66","66","","66","66","","66","66","","66","66","","66","66","","66","66","","66","66","","66","66","","66","66","","66","66","","66","66","","66","66","","66","66","","66","66","","66","66","","66","66",""
"Nepal","62","67","61","59","65","57","56","63","54","53","60","51","50","58","48","47","56","45","44","54","42","41","52","39","38","50","36","35","48","33","33","46","30","30","44","27","27","42","25","25","40","22","22","38","20","20","36","17","17","34","15","15","33","12"
"Netherlands","98","98","100","98","98","100","98","98","100","98","98","100","98","98","100","98","98","100","98","98","100","98","98","100","98","98","100","98","98","100","98","98","100","98","98","100","98","98","100","98","98","100","98","98","100","98","98","100","98","98","100","98","98","100"
"New Zealand","100","100","100","100","100","100","100","100","100","100","100","100","100","100","100","100","100","100","100","100","100","100","100","100","100","100","100","100","100","100","100","100","100","100","100","100","100","100","100","100","100","100","100","100","100","100","100","100","100","100","100","100","100","100"
"Nicaragua","74","84","62","74","84","62","73","83","60","72","82","59","71","81","58","70","80","57","69","80","56","68","79","55","67","78","54","66","77","52","65","76","51","64","75","50","63","75","49","62","74","48","61","73","47","60","72","46","59","71","45","58","71","43"
"Niger","14","44","8","13","43","7","13","42","7","12","41","7","12","40","7","11","39","6","11","38","6","11","37","6","10","36","5","10","34","5","9","33","4","9","32","4","8","31","4","8","30","3","7","29","3","6","28","2","6","26","2","5","25","1"
"Nigeria","39","48","31","38","47","31","38","45","31","37","44","30","36","43","30","36","42","30","35","41","30","34","40","30","34","39","30","33","38","30","33","37","30","32","35","30","31","34","30","31","33","29","30","32","29","30","31","29","29","30","29","30","30","29"
"Niue","97","","","97","","","97","","","97","","","97","","","97","","","98","","","98","","","99","","","99","","","100","","","100","","","100","","","100","","","100","","","100","","","100","","","100","",""
"Norway","98","98","98","98","98","98","98","98","98","98","98","98","98","98","98","98","98","98","98","98","98","98","98","98","98","98","98","98","98","98","98","98","98","98","98","98","98","98","98","98","98","98","98","98","98","98","98","98","98","98","98","98","98","98"
"Oman","100","100","100","100","100","100","100","100","100","100","100","99","100","100","98","99","100","96","98","99","94","97","99","93","96","98","91","95","97","89","94","97","87","93","96","86","92","96","84","91","95","82","90","95","80","90","94","78","89","93","77","89","93","77"
"Pakistan","60","77","50","58","76","48","57","76","46","55","75","44","54","74","42","52","73","41","51","73","39","49","72","37","47","71","35","46","70","33","44","69","31","42","69","29","41","68","27","39","67","24","37","67","22","35","67","19","33","66","17","31","66","14"
"Palau","100","100","100","100","100","100","100","100","100","100","100","100","100","100","100","100","100","100","100","100","100","100","100","100","100","100","99","100","100","99","100","100","99","100","100","99","99","100","99","99","100","99","99","100","99","99","100","99","99","100","99","99","100","99"
"Panama","83","92","65","82","91","64","81","91","62","80","89","61","78","88","60","77","87","59","76","85","58","74","84","56","73","82","55","72","81","54","70","80","53","69","79","52","67","77","50","66","76","49","65","75","48","63","73","47","62","72","45","61","71","44"
"Papua New Guinea","13","48","8","14","49","8","14","49","9","15","50","9","15","51","10","16","52","11","17","53","11","17","54","12","18","54","12","18","55","13","19","56","13","20","57","14","20","58","15","21","58","15","21","58","15","21","58","15","21","58","15","21","58","15"
"Paraguay","90","94","83","89","94","81","88","93","79","87","93","77","86","92","76","84","92","74","83","91","72","82","90","70","81","90","68","80","89","67","79","89","65","78","88","63","77","88","61","75","87","59","74","87","58","73","86","56","72","86","54","70","85","52"
"Peru","74","80","56","74","79","55","73","79","53","73","79","51","72","79","50","72","79","48","71","79","47","71","79","45","70","79","43","70","78","42","69","78","40","68","78","39","68","78","37","67","78","35","66","78","34","66","78","32","65","77","31","64","77","29"
"Philippines","77","78","75","75","78","73","74","78","71","73","77","70","72","77","68","71","76","67","70","76","65","69","75","63","68","75","62","67","74","60","66","74","59","65","73","57","64","73","57","64","73","56","63","73","55","63","73","55","63","72","54","62","72","53"
"Poland","99","99","99","98","98","99","98","98","97","97","98","96","96","97","95","96","97","93","95","97","92","94","97","91","94","96","89","93","96","88","92","96","87","92","96","85","91","95","84","90","95","83","90","95","81","89","95","80","88","94","79","88","94","77"
"Portugal","100","100","100","100","99","100","99","99","100","99","99","99","99","99","99","99","99","99","99","99","99","99","99","98","99","99","98","99","99","98","98","99","98","98","99","97","98","99","97","98","99","97","98","99","97","98","99","96","97","99","96","97","98","96"
"Qatar","100","","","100","","","100","","","100","","","100","","","100","","","100","","","100","","","100","","","100","","","100","","","100","","","100","","","100","","","100","","","100","","","100","","","100","",""
"Republic of Korea","100","","","100","","","100","","","100","","","100","","","100","","","100","","","100","","","100","","","100","","","100","","","100","","","100","","","100","","","100","","","100","","","100","","","100","",""
"Republic of Moldova","76","86","69","76","86","68","75","86","68","75","86","67","75","86","67","75","86","67","75","87","66","75","87","66","75","88","66","75","88","66","75","88","66","75","89","65","75","89","65","75","89","65","76","90","65","75","89","64","75","89","63","74","89","62"
"Republic of North Macedonia","99","100","98","99","100","97","98","100","96","98","100","95","97","99","94","96","99","92","95","98","90","93","97","88","92","96","86","90","95","84","89","94","83","88","93","81","86","92","79","85","91","77","85","91","77","85","91","77","85","91","77","85","91","77"
"Romania","84","95","71","84","95","70","83","95","69","82","95","67","81","95","66","81","94","64","80","94","63","79","94","62","78","94","60","77","94","59","77","94","57","76","93","56","75","93","55","75","93","55","75","93","55","75","93","55","75","93","55","","",""
"Russian Federation","90","95","78","90","95","77","90","95","75","89","95","74","89","95","73","88","94","71","88","94","70","88","94","69","87","94","67","87","94","66","86","94","65","86","94","63","85","94","62","85","94","60","85","94","59","84","94","58","84","94","56","83","94","55"
"Rwanda","67","52","70","65","53","68","64","53","66","63","54","65","62","55","63","61","55","62","59","56","60","58","57","59","57","58","57","56","58","55","55","59","54","53","60","52","52","60","50","51","61","49","50","61","47","48","62","46","47","63","44","45","63","42"
"Saint Kitts and Nevis","","","","","","","","","","","","","92","","","92","","","92","","","92","","","92","","","91","","","90","","","90","","","89","","","88","","","87","","","87","","","86","","","85","",""
"Saint Lucia","88","78","91","88","78","91","88","78","91","88","78","91","89","78","91","88","79","90","87","80","89","87","80","88","86","81","87","85","81","86","84","81","85","84","82","84","83","82","83","82","82","82","81","83","81","81","83","81","82","83","81","82","83","81"
"Saint Vincent and the Grenadines","87","","","87","","","87","","","87","","","86","","","85","","","84","","","83","","","81","","","80","","","79","","","78","","","77","","","76","","","74","","","73","","","72","","","71","",""
"Samoa","98","98","98","98","99","98","98","99","98","98","99","98","98","99","98","98","99","98","98","99","98","98","99","98","98","99","98","98","99","97","98","99","97","98","99","97","98","99","97","98","99","97","98","99","97","98","99","97","98","99","97","98","99","97"
"San Marino","100","","","100","","","100","","","100","","","100","","","100","","","100","","","100","","","100","","","100","","","100","","","100","","","100","","","100","","","100","","","100","","","100","","","100","",""
"Sao Tome and Principe","43","48","31","43","48","31","41","46","30","40","45","28","38","44","27","37","42","26","35","41","25","34","40","24","33","38","22","31","37","21","30","36","20","28","34","19","27","33","18","25","32","17","24","30","16","23","29","15","22","28","15","20","26","14"
"Saudi Arabia","100","","","100","","","100","","","100","","","100","","","99","","","99","","","99","","","99","","","99","","","99","","","99","","","99","","","99","","","99","","","98","","","98","","","98","",""
"Senegal","51","65","40","51","65","39","50","65","38","49","65","36","49","65","35","48","65","34","47","65","33","46","65","32","46","65","31","45","64","30","44","64","29","43","64","28","43","64","27","42","64","26","41","64","25","40","64","24","40","64","23","39","63","23"
"Serbia","98","100","95","98","99","95","98","99","95","97","99","95","97","99","95","97","99","95","97","98","95","97","98","95","96","98","95","96","97","94","96","97","94","96","97","94","95","97","94","95","96","94","95","96","94","95","96","94","95","96","94","95","96","94"
"Seychelles","100","","","100","","","100","","","100","","","100","","","99","","","99","","","98","","","98","","","98","","","97","","","97","","","96","","","96","","","95","","","95","","","95","","","94","",""
"Sierra Leone","16","26","9","15","25","8","15","25","8","15","25","8","14","24","8","14","24","7","14","24","7","13","23","7","13","23","7","13","23","6","12","22","6","12","22","6","12","22","6","11","21","5","11","21","5","11","21","5","10","21","5","10","20","5"
"Singapore","100","100","","100","100","","100","100","","100","100","","100","100","","100","100","","100","100","","100","100","","100","100","","100","100","","100","100","","100","100","","100","100","","100","100","","100","100","","100","100","","100","100","","100","100",""
"Slovakia","98","99","97","98","99","97","98","99","97","98","99","97","98","99","97","98","99","97","98","99","97","98","99","97","98","99","97","98","99","97","98","99","97","98","99","97","98","99","97","98","99","97","98","99","97","98","99","97","98","99","97","98","99","97"
"Slovenia","99","99","99","99","99","99","99","99","99","99","99","99","99","99","99","99","99","99","99","99","99","99","99","99","99","99","99","99","99","99","99","99","99","99","99","99","99","99","99","99","99","99","99","99","99","99","99","99","99","99","99","99","99","99"
"Solomon Islands","34","78","20","33","78","19","32","77","19","31","75","18","30","74","18","29","73","17","28","71","17","27","70","16","26","68","16","25","67","15","24","66","14","23","64","14","22","63","13","21","62","13","21","62","13","21","62","13","21","62","13","20","62","13"
"Somalia","38","61","20","37","60","19","36","59","18","34","58","17","33","57","16","32","55","15","31","54","14","29","53","13","27","52","13","26","51","12","24","50","11","25","49","10","23","48","9","22","47","9","22","46","8","21","46","8","20","45","8","20","45","7"
"South Africa","76","76","75","75","76","73","74","76","71","73","75","69","72","75","67","71","75","65","70","74","63","69","74","61","68","74","59","67","74","57","66","73","55","65","73","53","64","73","51","63","72","50","62","72","48","61","72","46","60","71","44","59","71","42"
"South Sudan","11","37","5","10","34","5","10","30","5","9","27","5","8","24","4","7","21","4","7","19","4","","","","","","","","","","","","","","","","","","","","","","","","","","","","","","","","",""
"Spain","100","100","100","100","100","100","100","100","100","100","100","100","100","100","100","100","100","100","100","100","100","100","100","100","100","100","100","100","100","100","100","100","100","100","100","100","100","100","100","100","100","100","100","100","100","100","100","100","100","100","100","100","100","100"
"Sri Lanka","96","95","96","95","94","95","94","93","95","94","92","94","93","91","94","92","89","93","92","88","92","91","87","92","90","86","91","90","85","91","89","85","90","88","85","89","88","85","88","87","85","88","87","85","87","86","85","86","85","85","85","85","85","85"
"Sudan","37","60","24","36","60","24","35","58","23","34","57","22","32","55","21","31","53","20","30","52","19","28","50","17","27","48","16","26","47","15","24","45","14","23","43","13","22","42","12","21","40","11","21","40","11","21","40","11","21","40","11","21","40","11"
"Suriname","84","89","75","84","89","74","84","89","73","84","89","72","83","89","71","83","89","70","83","89","69","82","89","68","82","89","67","82","89","67","81","89","66","81","89","65","81","89","64","81","89","63","80","89","62","80","89","61","80","89","60","79","89","59"
"Sweden","99","99","100","99","99","100","99","99","100","99","99","100","99","99","100","99","99","100","99","99","100","99","99","100","99","99","100","99","99","100","99","99","100","99","99","100","99","99","100","99","99","100","99","99","100","99","99","100","99","99","100","99","99","100"
"Switzerland","100","100","100","100","100","100","100","100","100","100","100","100","100","100","100","100","100","100","100","100","100","100","100","100","100","100","100","100","100","100","100","100","100","100","100","100","100","100","100","100","100","100","100","100","100","100","100","100","100","100","100","100","100","100"
"Syrian Arab Republic","91","91","91","91","92","91","92","92","91","92","93","91","92","93","91","92","94","90","92","94","90","93","94","90","93","95","90","93","95","90","93","95","90","93","96","90","93","96","90","93","97","90","93","97","89","93","97","89","93","96","89","93","96","88"
"Tajikistan","97","95","98","97","95","97","96","95","97","96","95","96","95","94","96","95","94","95","94","94","94","94","94","94","93","94","93","93","94","93","93","94","92","92","93","92","92","93","91","91","93","90","91","93","90","90","93","89","90","93","89","90","93","89"
"Thailand","99","99","98","98","99","98","98","98","98","98","97","98","97","97","97","97","96","97","96","96","97","96","95","96","95","95","96","95","94","96","95","93","95","94","93","95","94","92","95","93","92","95","93","91","94","93","90","94","92","90","94","92","89","93"
"Timor-Leste","54","76","44","52","75","43","51","74","42","50","74","41","49","73","40","48","72","39","47","71","38","46","70","37","45","69","35","44","68","34","43","67","33","41","67","32","40","66","32","39","64","31","38","63","30","37","62","29","","","","","",""
"Togo","16","29","7","16","28","7","15","28","7","15","28","6","14","28","6","14","28","6","14","27","5","13","27","5","13","27","5","13","27","4","12","26","4","12","26","4","11","26","4","11","26","3","11","25","3","11","25","3","10","25","3","10","24","3"
"Tonga","93","97","92","93","97","92","93","97","92","93","97","92","93","97","92","93","97","91","92","97","90","92","98","90","91","98","89","91","98","88","90","98","88","90","98","87","89","99","86","89","99","86","89","99","86","89","99","86","89","99","86","89","99","86"
"Trinidad and Tobago","93","","","93","","","93","","","93","","","93","","","93","","","93","","","93","","","92","","","92","","","92","","","92","","","91","","","91","","","91","","","91","","","90","","","90","",""
"Tunisia","91","95","81","91","95","81","90","95","80","90","95","78","89","95","76","88","95","73","87","95","71","86","95","69","85","95","67","84","94","64","83","94","62","82","94","60","82","94","58","81","94","56","80","94","54","79","94","52","78","94","50","77","94","48"
"Turkey","97","100","90","97","100","90","97","100","90","97","100","88","96","99","87","94","98","85","93","97","84","92","96","82","91","96","81","90","95","79","89","94","78","88","93","77","87","92","75","86","91","74","84","91","72","83","90","71","82","89","69","82","89","69"
"Turkmenistan","99","98","99","98","97","99","98","97","99","97","96","99","97","95","98","97","95","98","96","94","98","96","93","98","95","93","98","95","92","97","94","91","97","94","91","97","94","90","97","93","90","96","93","89","96","93","89","96","93","89","96","93","89","96"
"Tuvalu","84","83","86","84","83","86","84","83","86","84","83","86","84","83","86","84","83","85","84","83","84","83","84","82","83","84","81","82","84","79","81","84","78","81","85","77","80","85","75","80","85","75","80","85","75","80","85","75","80","85","75","","",""
"Uganda","18","26","16","18","26","16","18","27","16","18","27","16","18","27","16","18","27","16","18","28","16","18","28","16","18","28","16","18","28","16","18","29","16","18","29","16","18","29","16","18","30","15","18","30","15","18","30","15","17","30","15","17","31","15"
"Ukraine","96","97","94","96","97","94","96","97","94","96","97","94","96","97","93","96","97","93","96","97","92","96","97","92","96","97","92","95","97","91","95","97","91","95","97","91","95","97","90","95","97","90","95","97","90","95","97","89","94","97","89","94","97","89"
"United Arab Emirates","99","","","99","","","99","","","99","","","99","","","99","","","99","","","99","","","99","","","99","","","99","","","99","","","99","","","99","","","99","","","99","","","99","","","99","",""
"United Kingdom of Great Britain and Northern Ireland","99","99","99","99","99","99","99","99","99","99","99","99","99","99","99","99","99","99","99","99","99","99","99","99","99","99","99","99","99","99","99","99","99","99","99","99","99","99","99","99","99","99","99","99","99","99","99","99","99","99","99","99","99","99"
"United Republic of Tanzania","30","43","24","28","41","22","27","39","21","25","37","20","24","35","19","22","33","18","21","32","16","19","30","15","18","28","14","16","26","13","15","24","12","13","22","10","12","20","9","10","18","8","9","16","6","7","14","5","6","13","4","4","11","3"
"United States of America","100","100","100","100","100","100","100","100","100","100","100","100","100","100","100","100","100","100","100","100","100","100","100","100","100","100","100","100","100","100","100","100","100","100","100","100","100","100","100","100","100","100","100","100","100","100","100","100","100","100","100","100","100","100"
"Uruguay","97","97","97","96","96","96","96","96","95","96","96","94","96","96","93","96","96","92","95","96","91","95","95","90","95","95","89","95","95","88","95","95","87","94","95","86","94","95","86","94","95","85","94","95","85","94","95","85","94","95","85","94","95","85"
"Uzbekistan","100","100","100","100","100","100","100","100","100","100","100","100","100","100","100","100","100","99","99","100","99","99","99","98","98","99","97","97","99","96","97","99","95","96","99","94","96","99","93","95","98","92","95","98","91","94","98","90","93","98","89","93","98","88"
"Vanuatu","34","48","29","36","50","32","38","51","34","40","53","36","42","54","38","44","56","41","47","57","43","49","59","45","51","60","48","53","61","50","55","63","53","57","64","55","60","66","58","62","67","60","62","67","60","62","67","60","62","67","60","62","67","60"
"Venezuela (Bolivarian Republic of)","94","","","94","","","94","","","94","","","94","","","94","","","94","","","94","","","94","","","94","","","93","","","93","","","93","","","","","","","","","","","","","","","","",""
"Viet Nam","84","94","78","82","94","76","80","93","74","78","92","72","76","91","70","75","90","68","73","89","66","71","88","63","69","87","61","67","87","59","65","86","57","64","85","55","62","84","53","60","83","51","58","82","49","56","82","47","54","81","45","52","81","43"
"Yemen","59","88","43","59","88","43","58","88","43","57","88","42","56","88","40","55","88","39","54","88","38","53","87","37","52","87","36","51","87","34","49","87","33","48","87","32","47","87","31","46","87","29","44","86","28","43","86","27","42","86","27","42","86","27"
"Zambia","26","36","19","26","36","19","26","37","18","26","37","18","26","38","17","26","39","17","25","39","16","25","40","16","25","40","15","25","41","15","25","42","15","25","42","14","25","43","14","24","44","13","24","44","13","24","45","13","24","45","12","24","46","12"
"Zimbabwe","36","46","31","37","48","32","38","49","32","38","50","32","39","52","33","40","53","33","40","54","33","41","56","34","42","57","34","42","58","34","43","60","35","44","61","35","45","62","35","45","64","36","46","65","36","46","65","36","46","65","36","46","65","36"
