Country Name,Country Code,IT.NET.BBND.P2_2018
Aruba,ABW,
Afghanistan,AFG,0.043040552
Angola,AGO,0.355604536
Albania,ALB,12.55565885
Andorra,AND,46.31197569
Arab World,ARB,7.551746144
United Arab Emirates,ARE,31.40460882
Argentina,ARG,19.10152239
Armenia,ARM,11.7709355
American Samoa,ASM,
Antigua and Barbuda,ATG,
Australia,AUS,30.68500827
Austria,AUT,28.35440316
Azerbaijan,AZE,19.00503511
Burundi,BDI,0.03521135
Belgium,BEL,39.21686286
Benin,BEN,0.235384383
Burkina Faso,BFA,0.069959364
Bangladesh,BGD,6.343544324
Bulgaria,BGR,27.0001679
Bahrain,BHR,11.76230339
"Bahamas, The",BHS,22.57744978
Bosnia and Herzegovina,BIH,20.86551291
Belarus,BLR,33.86912852
Belize,BLZ,6.436926836
Bermuda,BMU,
Bolivia,BOL,4.4401541
Brazil,BRA,14.91053848
Barbados,BRB,31.16790689
Brunei Darussalam,BRN,11.52826701
Bhutan,BTN,1.43188916
Botswana,BWA,1.776521383
Central African Republic,CAF,0.013029405
Canada,CAN,38.96365923
Central Europe and the Baltics,CEB,23.79171324
Switzerland,CHE,46.42094273
Channel Islands,CHI,
Chile,CHL,17.35624022
China,CHN,28.53518942
Cote d'Ivoire,CIV,0.701728773
Cameroon,CMR,0.071330939
"Congo, Dem. Rep.",COD,0.005495545
"Congo, Rep.",COG,
Colombia,COL,13.44825224
Comoros,COM,0.183943234
Cabo Verde,CPV,2.879358255
Costa Rica,CRI,16.69754679
Caribbean small states,CSS,15.32391925
Cuba,CUB,0.871730745
Curacao,CUW,31.84968541
Cayman Islands,CYM,
Cyprus,CYP,36.27192779
Czech Republic,CZE,30.21688169
Germany,DEU,41.11294951
Djibouti,DJI,2.660067597
Dominica,DMA,16.07539267
Denmark,DNK,44.05932693
Dominican Republic,DOM,7.478850615
Algeria,DZA,7.262935415
East Asia & Pacific (excluding high income),EAP,21.40874181
Early-demographic dividend,EAR,4.230361074
East Asia & Pacific,EAS,22.6849008
Europe & Central Asia (excluding high income),ECA,18.60299069
Europe & Central Asia,ECS,28.08096878
Ecuador,ECU,11.43506241
"Egypt, Arab Rep.",EGY,6.685146788
Euro area,EMU,36.95686332
Eritrea,ERI,
Spain,ESP,32.50380176
Estonia,EST,33.34797267
Ethiopia,ETH,
European Union,EUU,35.02333691
Fragile and conflict affected situations,FCS,1.581763688
Finland,FIN,31.45271337
Fiji,FJI,1.475184016
France,FRA,44.77576734
Faroe Islands,FRO,37.48891684
"Micronesia, Fed. Sts.",FSM,
Gabon,GAB,1.373063902
United Kingdom,GBR,39.5970259
Georgia,GEO,20.99962977
Ghana,GHA,0.20935864
Gibraltar,GIB,57.03778397
Guinea,GIN,0.009770995
"Gambia, The",GMB,0.194421809
Guinea-Bissau,GNB,0.064237212
Equatorial Guinea,GNQ,0.123760958
Greece,GRC,37.6522655
Grenada,GRD,
Greenland,GRL,23.32225444
Guatemala,GTM,
Guam,GUM,
Guyana,GUY,
High income,HIC,33.58415195
"Hong Kong SAR, China",HKG,36.82553485
Honduras,HND,3.701279642
Heavily indebted poor countries (HIPC),HPC,0.452370855
Croatia,HRV,27.12899729
Haiti,HTI,0.279596353
Hungary,HUN,31.7234027
IBRD only,IBD,13.6594479
IDA & IBRD total,IBT,10.83811237
IDA total,IDA,1.613220088
IDA blend,IDB,1.407683522
Indonesia,IDN,3.315312884
IDA only,IDX,1.735649812
Isle of Man,IMN,
India,IND,1.343296766
Not classified,INX,
Ireland,IRL,29.6794357
"Iran, Islamic Rep.",IRN,11.98789788
Iraq,IRQ,11.68854336
Iceland,ISL,40.5556067
Israel,ISR,28.75374813
Italy,ITA,28.13997577
Jamaica,JAM,9.702584155
Jordan,JOR,4.009867021
Japan,JPN,32.62230968
Kazakhstan,KAZ,13.44405762
Kenya,KEN,0.722863317
Kyrgyz Republic,KGZ,5.641470615
Cambodia,KHM,1.022782322
Kiribati,KIR,0.763075436
St. Kitts and Nevis,KNA,
"Korea, Rep.",KOR,41.59692858
Kuwait,KWT,2.509382904
Latin America & Caribbean (excluding high income),LAC,13.13163363
Lao PDR,LAO,0.642624867
Lebanon,LBN,0.136965173
Liberia,LBR,
Libya,LBY,
St. Lucia,LCA,17.73884072
Latin America & Caribbean,LCN,13.43568403
Least developed countries: UN classification,LDC,1.578903882
Low income,LIC,0.7369893
Liechtenstein,LIE,44.08335532
Sri Lanka,LKA,7.274625469
Lower middle income,LMC,2.651487135
Low & middle income,LMY,10.73905597
Lesotho,LSO,0.273344565
Late-demographic dividend,LTE,23.56788611
Lithuania,LTU,28.15668213
Luxembourg,LUX,37.12070435
Latvia,LVA,27.27540487
"Macao SAR, China",MAC,30.56459733
St. Martin (French part),MAF,
Morocco,MAR,4.309292493
Monaco,MCO,51.24347242
Moldova,MDA,15.37866762
Madagascar,MDG,0.103612351
Maldives,MDV,10.36851168
Middle East & North Africa,MEA,9.603699775
Mexico,MEX,14.54862775
Marshall Islands,MHL,
Middle income,MIC,11.64093496
North Macedonia,MKD,20.54598343
Mali,MLI,0.633900781
Malta,MLT,43.6730503
Myanmar,MMR,0.240279346
Middle East & North Africa (excluding high income),MNA,7.70794191
Montenegro,MNE,25.33079328
Mongolia,MNG,9.657070685
Northern Mariana Islands,MNP,
Mozambique,MOZ,0.237801704
Mauritania,MRT,0.300273907
Mauritius,MUS,21.63851371
Malawi,MWI,0.062601908
Malaysia,MYS,8.551120205
North America,NAC,34.32828682
Namibia,NAM,2.531061336
New Caledonia,NCL,
Niger,NER,
Nigeria,NGA,0.037761388
Nicaragua,NIC,2.975995209
Netherlands,NLD,43.4167118
Norway,NOR,41.33635646
Nepal,NPL,2.81879649
Nauru,NRU,
New Zealand,NZL,34.72389862
OECD members,OED,31.6037382
Oman,OMN,8.73873816
Other small states,OSS,8.155898105
Pakistan,PAK,0.853498388
Panama,PAN,12.93361128
Peru,PER,
Philippines,PHL,3.675257165
Palau,PLW,
Papua New Guinea,PNG,
Poland,POL,16.12518272
Pre-demographic dividend,PRE,0.773950247
Puerto Rico,PRI,20.03644563
"Korea, Dem. People’s Rep.",PRK,
Portugal,PRT,36.90145066
Paraguay,PRY,4.610364537
West Bank and Gaza,PSE,7.486892294
Pacific island small states,PSS,1.105531858
Post-demographic dividend,PST,34.40776996
French Polynesia,PYF,21.5320568
Qatar,QAT,9.631079325
Romania,ROU,26.05849633
Russian Federation,RUS,22.0008863
Rwanda,RWA,0.060973974
South Asia,SAS,1.799044406
Saudi Arabia,SAU,20.24129125
Sudan,SDN,0.075002034
Senegal,SEN,0.818830296
Singapore,SGP,27.97221502
Solomon Islands,SLB,0.227921275
Sierra Leone,SLE,
El Salvador,SLV,7.666788252
San Marino,SMR,
Somalia,SOM,
Serbia,SRB,17.6326636
Sub-Saharan Africa (excluding high income),SSA,0.435738341
South Sudan,SSD,0.00182217
Sub-Saharan Africa,SSF,0.437857772
Small states,SST,8.970040068
Sao Tome and Principe,STP,0.737816783
Suriname,SUR,12.70438723
Slovak Republic,SVK,27.65439443
Slovenia,SVN,29.48917552
Sweden,SWE,39.84924042
Eswatini,SWZ,
Sint Maarten (Dutch part),SXM,
Seychelles,SYC,20.28507869
Syrian Arab Republic,SYR,7.841153913
Turks and Caicos Islands,TCA,
Chad,TCD,0.002157939
East Asia & Pacific (IDA & IBRD countries),TEA,21.40874181
Europe & Central Asia (IDA & IBRD countries),TEC,18.47175365
Togo,TGO,0.331546351
Thailand,THA,13.23520776
Tajikistan,TJK,
Turkmenistan,TKM,
Latin America & the Caribbean (IDA & IBRD countries),TLA,13.62816317
Timor-Leste,TLS,0.04755618
Middle East & North Africa (IDA & IBRD countries),TMN,7.710833861
Tonga,TON,2.440962431
South Asia (IDA & IBRD),TSA,1.799044406
Sub-Saharan Africa (IDA & IBRD countries),TSS,0.437857772
Trinidad and Tobago,TTO,24.53838311
Tunisia,TUN,8.771097018
Turkey,TUR,16.28274432
Tuvalu,TUV,
Tanzania,TZA,1.529357877
Uganda,UGA,0.02219802
Ukraine,UKR,12.80325605
Upper middle income,UMC,21.92612634
Uruguay,URY,28.33601746
United States,USA,33.80289286
Uzbekistan,UZB,12.69699784
St. Vincent and the Grenadines,VCT,22.33261653
"Venezuela, RB",VEN,9.016399628
British Virgin Islands,VGB,15.82108583
Virgin Islands (U.S.),VIR,
Vietnam,VNM,13.6002095
Vanuatu,VUT,1.611999453
World,WLD,14.48929022
Samoa,WSM,
Kosovo,XKX,
"Yemen, Rep.",YEM,1.355606503
South Africa,ZAF,1.915495359
Zambia,ZMB,0.24991776
Zimbabwe,ZWE,1.40632166